customer_id,city,signup_date
C0001,Bengaluru,2024-01-09
C0002,Kolkata,2023-02-01
C0003,Chennai,2023-07-29
C0004,Hyderabad,2023-11-01
C0005,Hyderabad,2024-11-09
C0006,Kolkata,2024-11-25
C0007,Bengaluru,2023-04-17
C0008,Chennai,2024-09-16
C0009,Mumbai,2023-03-05
C0010,Bengaluru,2024-06-08
C0011,Pune,2024-08-14
C0012,Ahmedabad,2024-09-15
C0013,Chennai,2023-06-06
C0014,Kolkata,2024-09-17
C0015,Chennai,2023-03-23
C0016,Kolkata,2023-12-30
C0017,Pune,2023-11-25
C0018,Mumbai,2023-08-10
C0019,Kolkata,2023-01-16
C0020,Hyderabad,2024-06-24
C0021,Pune,2023-08-23
C0022,Delhi,2024-04-08
C0023,Mumbai,2023-10-15
C0024,Ahmedabad,2023-09-19
C0025,Kolkata,2024-09-12
C0026,Chennai,2023-03-08
C0027,Hyderabad,2024-05-30
C0028,Kolkata,2024-06-06
C0029,Pune,2023-09-23
C0030,Hyderabad,2023-07-03
C0031,Hyderabad,2023-01-04
C0032,Mumbai,2024-10-17
C0033,Bengaluru,2024-10-25
C0034,Pune,2023-06-18
C0035,Ahmedabad,2023-01-23
C0036,Bengaluru,2023-03-27
C0037,Kolkata,2023-02-17
C0038,Kolkata,2024-08-04
C0039,Delhi,2024-09-16
C0040,Chennai,2023-04-18
C0041,Mumbai,2024-06-06
C0042,Kolkata,2023-05-06
C0043,Chennai,2023-09-15
C0044,Delhi,2024-02-24
C0045,Bengaluru,2024-05-18
C0046,Ahmedabad,2024-09-04
C0047,Hyderabad,2023-02-01
C0048,Ahmedabad,2023-05-18
C0049,Chennai,2023-07-16
C0050,Kolkata,2023-08-06
C0051,Kolkata,2024-11-29
C0052,Mumbai,2024-06-28
C0053,Delhi,2023-08-13
C0054,Hyderabad,2024-11-11
C0055,Hyderabad,2023-12-16
C0056,Bengaluru,2023-12-17
C0057,Pune,2023-10-31
C0058,Mumbai,2023-04-11
C0059,Chennai,2024-10-16
C0060,Chennai,2023-01-10
C0061,Ahmedabad,2023-05-02
C0062,Chennai,2023-06-10
C0063,Delhi,2023-07-15
C0064,Ahmedabad,2023-04-03
C0065,Hyderabad,2023-01-13
C0066,Delhi,2024-04-19
C0067,Ahmedabad,2024-11-09
C0068,Delhi,2023-03-27
C0069,Bengaluru,2023-07-27
C0070,Hyderabad,2023-12-21
C0071,Kolkata,2024-10-11
C0072,Mumbai,2024-04-30
C0073,Hyderabad,2024-06-20
C0074,Mumbai,2024-02-11
C0075,Chennai,2023-10-19
C0076,Hyderabad,2023-05-20
C0077,Delhi,2024-08-28
C0078,Mumbai,2024-07-16
C0079,Pune,2023-01-18
C0080,Chennai,2024-05-15
C0081,Ahmedabad,2023-03-01
C0082,Hyderabad,2024-06-01
C0083,Mumbai,2024-08-01
C0084,Kolkata,2023-04-02
C0085,Chennai,2023-10-31
C0086,Chennai,2023-03-28
C0087,Bengaluru,2024-02-02
C0088,Delhi,2024-10-11
C0089,Kolkata,2023-02-26
C0090,Kolkata,2023-10-06
C0091,Hyderabad,2024-11-12
C0092,Kolkata,2023-07-30
C0093,Kolkata,2023-04-03
C0094,Hyderabad,2023-12-09
C0095,Ahmedabad,2023-12-22
C0096,Delhi,2024-04-09
C0097,Mumbai,2023-08-08
C0098,Chennai,2024-10-30
C0099,Chennai,2023-12-31
C0100,Mumbai,2023-07-20
C0101,Kolkata,2024-11-03
C0102,Mumbai,2024-10-09
C0103,Kolkata,2023-12-16
C0104,Bengaluru,2023-01-18
C0105,Kolkata,2024-02-22
C0106,Kolkata,2024-01-24
C0107,Kolkata,2023-04-14
C0108,Chennai,2024-03-19
C0109,Hyderabad,2024-08-11
C0110,Chennai,2023-03-16
C0111,Delhi,2024-05-21
C0112,Kolkata,2023-04-09
C0113,Pune,2024-06-08
C0114,Hyderabad,2023-10-21
C0115,Pune,2023-01-05
C0116,Pune,2024-11-07
C0117,Bengaluru,2023-04-27
C0118,Mumbai,2024-02-22
C0119,Mumbai,2023-05-08
C0120,Bengaluru,2024-10-15
C0121,Hyderabad,2024-05-31
C0122,Chennai,2024-07-17
C0123,Chennai,2023-10-30
C0124,Hyderabad,2023-11-24
C0125,Kolkata,2024-03-20
C0126,Pune,2024-07-03
C0127,Bengaluru,2024-08-15
C0128,Kolkata,2023-01-13
C0129,Pune,2024-04-09
C0130,Chennai,2023-03-18
C0131,Pune,2023-07-21
C0132,Pune,2024-08-03
C0133,Bengaluru,2023-06-25
C0134,Pune,2024-07-11
C0135,Kolkata,2023-11-21
C0136,Delhi,2023-06-12
C0137,Pune,2023-08-22
C0138,Bengaluru,2024-01-07
C0139,Delhi,2024-06-19
C0140,Hyderabad,2024-02-29
C0141,Ahmedabad,2024-10-15
C0142,Mumbai,2024-08-30
C0143,Delhi,2024-06-11
C0144,Hyderabad,2024-02-27
C0145,Ahmedabad,2023-07-22
C0146,Kolkata,2023-10-16
C0147,Bengaluru,2023-03-25
C0148,Mumbai,2023-09-19
C0149,Kolkata,2024-10-10
C0150,Bengaluru,2023-10-26
C0151,Kolkata,2023-03-21
C0152,Delhi,2024-04-01
C0153,Ahmedabad,2024-11-04
C0154,Delhi,2024-08-30
C0155,Hyderabad,2023-07-11
C0156,Chennai,2023-11-14
C0157,Mumbai,2024-01-07
C0158,Pune,2023-06-23
C0159,Pune,2023-07-08
C0160,Kolkata,2023-06-15
C0161,Ahmedabad,2024-11-27
C0162,Chennai,2024-06-06
C0163,Hyderabad,2024-08-11
C0164,Hyderabad,2024-07-25
C0165,Hyderabad,2024-11-02
C0166,Kolkata,2023-03-15
C0167,Delhi,2024-09-09
C0168,Mumbai,2023-02-16
C0169,Delhi,2023-11-29
C0170,Bengaluru,2024-02-21
C0171,Bengaluru,2023-09-08
C0172,Bengaluru,2023-04-13
C0173,Kolkata,2023-05-15
C0174,Chennai,2024-07-31
C0175,Chennai,2023-08-12
C0176,Hyderabad,2023-08-06
C0177,Chennai,2024-10-08
C0178,Mumbai,2023-04-11
C0179,Ahmedabad,2024-10-02
C0180,Pune,2024-10-06
C0181,Ahmedabad,2024-02-23
C0182,Mumbai,2023-04-26
C0183,Hyderabad,2023-04-20
C0184,Chennai,2023-07-19
C0185,Hyderabad,2024-02-09
C0186,Hyderabad,2023-04-18
C0187,Mumbai,2023-11-15
C0188,Hyderabad,2023-03-22
C0189,Mumbai,2024-01-14
C0190,Delhi,2023-01-15
C0191,Chennai,2024-05-11
C0192,Chennai,2023-02-08
C0193,Pune,2023-05-17
C0194,Delhi,2023-05-03
C0195,Ahmedabad,2024-08-04
C0196,Bengaluru,2023-02-07
C0197,Delhi,2023-10-28
C0198,Bengaluru,2024-02-18
C0199,Delhi,2023-12-28
C0200,Ahmedabad,2024-04-21
C0201,Delhi,2024-07-16
C0202,Ahmedabad,2023-10-03
C0203,Hyderabad,2024-08-02
C0204,Chennai,2023-08-11
C0205,Hyderabad,2024-11-20
C0206,Delhi,2023-12-20
C0207,Kolkata,2024-05-30
C0208,Ahmedabad,2024-09-04
C0209,Delhi,2024-07-08
C0210,Kolkata,2024-08-18
C0211,Delhi,2024-01-11
C0212,Chennai,2023-01-31
C0213,Kolkata,2023-12-12
C0214,Hyderabad,2023-05-08
C0215,Chennai,2024-09-14
C0216,Delhi,2023-06-15
C0217,Bengaluru,2023-06-09
C0218,Bengaluru,2023-06-24
C0219,Hyderabad,2024-03-25
C0220,Ahmedabad,2024-02-04
C0221,Mumbai,2024-10-26
C0222,Hyderabad,2023-10-19
C0223,Chennai,2023-07-17
C0224,Mumbai,2023-02-04
C0225,Chennai,2023-01-05
C0226,Delhi,2023-09-19
C0227,Kolkata,2024-10-10
C0228,Pune,2024-01-02
C0229,Pune,2024-09-17
C0230,Mumbai,2023-03-13
C0231,Hyderabad,2023-03-07
C0232,Kolkata,2024-08-06
C0233,Bengaluru,2023-03-16
C0234,Kolkata,2023-02-06
C0235,Hyderabad,2023-10-10
C0236,Chennai,2024-10-09
C0237,Chennai,2024-04-27
C0238,Hyderabad,2023-03-11
C0239,Delhi,2024-08-08
C0240,Chennai,2024-08-13
C0241,Mumbai,2024-07-14
C0242,Pune,2024-09-23
C0243,Bengaluru,2023-06-17
C0244,Chennai,2024-11-16
C0245,Chennai,2023-08-13
C0246,Bengaluru,2024-07-15
C0247,Kolkata,2024-02-10
C0248,Hyderabad,2024-06-29
C0249,Kolkata,2024-03-15
C0250,Bengaluru,2024-03-25
C0251,Mumbai,2024-03-07
C0252,Hyderabad,2024-06-29
C0253,Mumbai,2024-06-01
C0254,Delhi,2023-04-05
C0255,Chennai,2024-08-01
C0256,Mumbai,2024-01-11
C0257,Chennai,2023-08-15
C0258,Bengaluru,2023-12-26
C0259,Mumbai,2024-11-07
C0260,Pune,2024-08-23
C0261,Kolkata,2024-08-06
C0262,Mumbai,2023-11-20
C0263,Delhi,2024-07-02
C0264,Ahmedabad,2023-09-27
C0265,Ahmedabad,2024-04-25
C0266,Pune,2024-03-23
C0267,Hyderabad,2023-06-24
C0268,Delhi,2023-07-06
C0269,Pune,2023-02-12
C0270,Pune,2023-04-08
C0271,Delhi,2023-10-31
C0272,Bengaluru,2023-12-01
C0273,Mumbai,2023-04-26
C0274,Ahmedabad,2023-10-19
C0275,Hyderabad,2024-02-27
C0276,Hyderabad,2023-06-12
C0277,Hyderabad,2023-08-25
C0278,Kolkata,2023-09-15
C0279,Bengaluru,2023-12-20
C0280,Bengaluru,2023-09-14
C0281,Delhi,2024-05-30
C0282,Hyderabad,2023-08-18
C0283,Chennai,2023-10-31
C0284,Hyderabad,2023-09-23
C0285,Hyderabad,2023-05-09
C0286,Ahmedabad,2024-04-25
C0287,Mumbai,2023-06-14
C0288,Pune,2023-07-27
C0289,Pune,2024-07-08
C0290,Hyderabad,2024-10-26
C0291,Kolkata,2024-04-14
C0292,Delhi,2024-10-03
C0293,Ahmedabad,2024-08-20
C0294,Delhi,2023-12-03
C0295,Pune,2024-06-23
C0296,Pune,2023-08-18
C0297,Kolkata,2023-11-19
C0298,Hyderabad,2024-01-10
C0299,Delhi,2024-11-03
C0300,Bengaluru,2024-08-16
C0301,Delhi,2023-12-09
C0302,Kolkata,2024-04-01
C0303,Bengaluru,2023-05-22
C0304,Ahmedabad,2024-07-17
C0305,Pune,2024-01-23
C0306,Mumbai,2024-01-08
C0307,Delhi,2024-06-20
C0308,Pune,2024-03-19
C0309,Delhi,2023-02-20
C0310,Bengaluru,2023-07-21
C0311,Chennai,2023-05-04
C0312,Chennai,2024-05-29
C0313,Bengaluru,2023-01-25
C0314,Delhi,2023-05-22
C0315,Mumbai,2024-02-23
C0316,Chennai,2024-05-01
C0317,Chennai,2023-12-19
C0318,Chennai,2024-08-25
C0319,Ahmedabad,2024-10-05
C0320,Kolkata,2023-04-03
C0321,Delhi,2024-10-28
C0322,Bengaluru,2024-03-06
C0323,Pune,2024-03-21
C0324,Ahmedabad,2023-03-08
C0325,Ahmedabad,2024-03-11
C0326,Mumbai,2024-05-23
C0327,Mumbai,2024-02-11
C0328,Bengaluru,2023-03-01
C0329,Mumbai,2024-01-02
C0330,Pune,2024-10-17
C0331,Pune,2024-05-21
C0332,Delhi,2023-04-07
C0333,Delhi,2024-11-02
C0334,Kolkata,2024-11-02
C0335,Hyderabad,2023-04-29
C0336,Kolkata,2024-07-14
C0337,Ahmedabad,2023-10-12
C0338,Delhi,2024-02-20
C0339,Mumbai,2023-11-08
C0340,Ahmedabad,2024-07-01
C0341,Chennai,2024-11-28
C0342,Delhi,2024-07-10
C0343,Pune,2024-10-13
C0344,Pune,2024-10-24
C0345,Ahmedabad,2023-03-05
C0346,Delhi,2023-06-27
C0347,Ahmedabad,2024-05-20
C0348,Ahmedabad,2024-02-18
C0349,Mumbai,2023-02-05
C0350,Mumbai,2023-03-08
