order_id,product_id,category,quantity,unit_price,line_revenue
O00001,P0001,Fashion,1,142.3,142.3
O00001,P0168,Sports,2,235.04,470.08
O00001,P0045,Beauty,1,119.27,119.27
O00002,P0064,Books,1,444.85,444.85
O00002,P0111,Home,2,58.76,117.52
O00003,P0125,Fashion,2,442.67,885.34
O00003,P0151,Electronics,2,189.87,379.74
O00003,P0112,Beauty,2,58.26,116.52
O00004,P0150,Electronics,1,271.56,271.56
O00005,P0159,Beauty,3,189.88,569.64
O00005,P0026,Beauty,3,123.16,369.48
O00005,P0173,Fashion,3,456.61,1369.83
O00006,P0106,Electronics,2,220.94,441.88
O00006,P0014,Beauty,1,306.02,306.02
O00007,P0116,Beauty,3,124.35,373.05
O00008,P0118,Beauty,1,222.93,222.93
O00008,P0136,Beauty,3,245.28,735.84
O00008,P0049,Beauty,2,131.77,263.54
O00009,P0169,Beauty,3,245.22,735.66
O00009,P0037,Sports,2,209.23,418.46
O00010,P0029,Toys,2,257.1,514.2
O00011,P0011,Beauty,2,143.81,287.62
O00011,P0086,Toys,1,188.25,188.25
O00012,P0045,Electronics,3,58.19,174.57
O00013,P0174,Electronics,1,156.79,156.79
O00013,P0065,Sports,3,184.25,552.75
O00014,P0062,Toys,1,171.1,171.1
O00014,P0067,Electronics,3,143.35,430.05
O00015,P0158,Home,2,203.1,406.2
O00015,P0031,Toys,1,849.73,849.73
O00015,P0017,Beauty,2,42.84,85.68
O00016,P0067,Toys,1,806.31,806.31
O00016,P0069,Books,2,411.87,823.74
O00016,P0112,Home,1,46.83,46.83
O00017,P0178,Electronics,2,144.43,288.86
O00017,P0009,Fashion,2,86.85,173.7
O00017,P0076,Books,1,40.57,40.57
O00018,P0015,Beauty,3,90.84,272.52
O00018,P0120,Sports,1,123.24,123.24
O00018,P0129,Toys,2,79.97,159.94
O00019,P0104,Sports,3,611.23,1833.69
O00020,P0069,Sports,3,350.32,1050.96
O00020,P0168,Books,3,246.86,740.58
O00020,P0102,Fashion,2,135.76,271.52
O00021,P0130,Sports,3,123.41,370.23
O00021,P0173,Books,3,175.24,525.72
O00021,P0019,Sports,1,475.96,475.96
O00022,P0081,Books,3,122.51,367.53
O00022,P0030,Sports,3,401.89,1205.67
O00023,P0130,Toys,2,153.88,307.76
O00023,P0116,Beauty,3,269.69,809.07
O00023,P0154,Sports,1,229.59,229.59
O00024,P0129,Beauty,1,567.25,567.25
O00024,P0137,Electronics,1,149.97,149.97
O00025,P0134,Fashion,1,184.99,184.99
O00025,P0135,Books,1,49.04,49.04
O00026,P0047,Beauty,2,44.08,88.16
O00026,P0043,Beauty,1,214.58,214.58
O00027,P0073,Home,3,57.24,171.72
O00028,P0077,Sports,1,227.6,227.6
O00029,P0040,Books,2,95.27,190.54
O00029,P0169,Electronics,2,163.32,326.64
O00029,P0119,Sports,3,179.01,537.03
O00030,P0090,Books,3,933.13,2799.39
O00030,P0136,Home,3,245.39,736.17
O00031,P0150,Beauty,2,58.82,117.64
O00031,P0064,Fashion,3,90.97,272.91
O00031,P0172,Fashion,1,70.57,70.57
O00032,P0125,Home,2,79.51,159.02
O00033,P0005,Sports,1,213.93,213.93
O00034,P0117,Fashion,1,225.4,225.4
O00035,P0075,Home,2,206.3,412.6
O00035,P0049,Beauty,1,157.03,157.03
O00036,P0049,Home,1,254.27,254.27
O00037,P0142,Books,1,180.66,180.66
O00038,P0168,Fashion,3,285.6,856.8
O00038,P0101,Beauty,3,138.3,414.9
O00039,P0070,Toys,1,231.06,231.06
O00040,P0123,Sports,1,88.67,88.67
O00040,P0075,Books,3,114.16,342.48
O00041,P0099,Sports,2,105.47,210.94
O00042,P0024,Electronics,2,106.5,213.0
O00042,P0112,Books,2,87.33,174.66
O00043,P0075,Fashion,3,1053.41,3160.23
O00043,P0015,Fashion,2,278.66,557.32
O00044,P0137,Sports,3,121.82,365.46
O00044,P0123,Toys,2,131.03,262.06
O00044,P0013,Books,2,104.83,209.66
O00045,P0067,Sports,3,129.13,387.39
O00046,P0014,Beauty,3,42.49,127.47
O00046,P0050,Toys,2,252.54,505.08
O00047,P0109,Beauty,2,141.81,283.62
O00047,P0026,Fashion,1,202.82,202.82
O00048,P0003,Fashion,3,109.11,327.33
O00048,P0121,Home,3,199.19,597.57
O00048,P0100,Electronics,2,77.06,154.12
O00049,P0030,Books,2,141.2,282.4
O00050,P0151,Beauty,2,40.58,81.16
O00050,P0022,Books,3,382.29,1146.87
O00050,P0038,Home,3,117.85,353.55
O00051,P0147,Electronics,3,105.11,315.33
O00052,P0084,Books,3,114.17,342.51
O00052,P0175,Beauty,1,52.77,52.77
O00053,P0153,Sports,1,46.45,46.45
O00054,P0026,Sports,2,143.32,286.64
O00054,P0128,Fashion,2,127.17,254.34
O00054,P0111,Sports,3,295.31,885.93
O00055,P0024,Fashion,3,165.9,497.7
O00056,P0146,Sports,3,178.98,536.94
O00057,P0068,Fashion,1,124.98,124.98
O00057,P0083,Toys,3,88.91,266.73
O00057,P0147,Beauty,3,168.74,506.22
O00058,P0155,Beauty,3,290.37,871.11
O00058,P0032,Electronics,2,128.06,256.12
O00059,P0070,Books,2,269.88,539.76
O00059,P0039,Toys,2,174.99,349.98
O00060,P0166,Home,1,665.42,665.42
O00060,P0045,Fashion,1,404.14,404.14
O00060,P0025,Home,1,222.45,222.45
O00061,P0105,Beauty,3,131.8,395.4
O00061,P0109,Fashion,2,182.59,365.18
O00061,P0062,Electronics,2,157.62,315.24
O00062,P0017,Electronics,3,1009.95,3029.85
O00062,P0147,Beauty,1,224.48,224.48
O00063,P0039,Toys,2,116.3,232.6
O00064,P0156,Toys,1,66.39,66.39
O00065,P0060,Toys,1,195.66,195.66
O00065,P0128,Home,3,244.66,733.98
O00065,P0037,Toys,1,44.66,44.66
O00066,P0011,Electronics,3,475.78,1427.34
O00067,P0024,Books,1,150.25,150.25
O00067,P0062,Electronics,3,105.31,315.93
O00068,P0078,Home,1,196.61,196.61
O00069,P0026,Toys,2,59.66,119.32
O00070,P0014,Books,2,397.28,794.56
O00070,P0117,Home,1,87.45,87.45
O00071,P0067,Home,2,111.11,222.22
O00071,P0105,Beauty,1,89.29,89.29
O00071,P0040,Home,1,28.85,28.85
O00072,P0012,Toys,1,48.48,48.48
O00072,P0176,Fashion,3,519.9,1559.7
O00073,P0058,Home,3,232.67,698.01
O00073,P0120,Home,1,126.25,126.25
O00074,P0024,Beauty,2,48.6,97.2
O00074,P0064,Toys,1,71.63,71.63
O00074,P0054,Fashion,3,808.93,2426.79
O00075,P0143,Beauty,1,31.01,31.01
O00075,P0110,Electronics,1,118.93,118.93
O00076,P0167,Fashion,1,195.71,195.71
O00077,P0099,Books,1,68.64,68.64
O00078,P0016,Electronics,3,276.4,829.2
O00079,P0035,Electronics,3,54.38,163.14
O00079,P0132,Sports,1,251.81,251.81
O00079,P0117,Books,2,320.35,640.7
O00080,P0163,Electronics,2,343.71,687.42
O00080,P0139,Books,2,418.35,836.7
O00081,P0118,Electronics,2,82.56,165.12
O00082,P0008,Sports,3,143.25,429.75
O00082,P0135,Books,2,37.37,74.74
O00082,P0135,Fashion,1,89.22,89.22
O00083,P0062,Beauty,1,111.56,111.56
O00083,P0129,Fashion,1,296.42,296.42
O00084,P0098,Fashion,1,295.38,295.38
O00084,P0057,Sports,2,371.17,742.34
O00084,P0171,Home,1,213.13,213.13
O00085,P0174,Sports,2,84.53,169.06
O00085,P0081,Books,3,96.29,288.87
O00086,P0118,Beauty,1,173.05,173.05
O00087,P0158,Beauty,3,92.96,278.88
O00087,P0116,Books,2,184.73,369.46
O00087,P0018,Home,2,255.36,510.72
O00088,P0078,Books,2,115.55,231.1
O00088,P0081,Beauty,3,84.42,253.26
O00088,P0053,Sports,2,201.94,403.88
O00089,P0158,Toys,1,180.98,180.98
O00090,P0028,Home,2,91.54,183.08
O00091,P0134,Sports,1,301.32,301.32
O00091,P0034,Beauty,2,94.19,188.38
O00091,P0039,Books,1,277.73,277.73
O00092,P0092,Toys,2,403.77,807.54
O00093,P0079,Fashion,1,206.19,206.19
O00093,P0163,Books,1,335.76,335.76
O00094,P0131,Books,1,240.05,240.05
O00095,P0058,Books,1,137.12,137.12
O00095,P0110,Fashion,3,118.55,355.65
O00095,P0048,Toys,1,170.16,170.16
O00096,P0057,Fashion,3,50.41,151.23
O00096,P0099,Sports,2,94.57,189.14
O00097,P0076,Toys,3,170.29,510.87
O00097,P0093,Sports,1,107.43,107.43
O00098,P0163,Books,2,89.37,178.74
O00098,P0009,Electronics,3,146.6,439.8
O00099,P0062,Home,2,158.31,316.62
O00100,P0136,Books,2,54.03,108.06
O00101,P0001,Fashion,3,132.2,396.6
O00102,P0092,Fashion,1,154.89,154.89
O00102,P0006,Home,1,138.46,138.46
O00102,P0014,Electronics,3,221.51,664.53
O00103,P0060,Fashion,1,113.16,113.16
O00103,P0104,Home,3,244.55,733.65
O00103,P0007,Home,1,176.17,176.17
O00104,P0120,Fashion,2,95.59,191.18
O00104,P0154,Electronics,2,198.48,396.96
O00104,P0006,Beauty,2,138.96,277.92
O00105,P0072,Fashion,1,132.94,132.94
O00105,P0173,Beauty,3,399.87,1199.61
O00105,P0046,Electronics,3,23.84,71.52
O00106,P0062,Books,3,103.86,311.58
O00106,P0118,Books,3,271.08,813.24
O00106,P0139,Home,3,304.4,913.2
O00107,P0088,Toys,3,44.64,133.92
O00107,P0019,Toys,2,251.7,503.4
O00107,P0170,Fashion,1,86.86,86.86
O00108,P0179,Fashion,1,43.15,43.15
O00109,P0178,Fashion,3,201.42,604.26
O00109,P0159,Books,1,220.4,220.4
O00110,P0037,Home,3,542.01,1626.03
O00111,P0110,Home,1,27.3,27.3
O00111,P0042,Beauty,3,151.55,454.65
O00111,P0081,Sports,2,219.41,438.82
O00112,P0064,Home,1,84.26,84.26
O00113,P0102,Home,2,293.61,587.22
O00113,P0061,Home,1,94.45,94.45
O00114,P0084,Beauty,3,190.51,571.53
O00115,P0090,Beauty,1,300.98,300.98
O00116,P0128,Books,1,74.88,74.88
O00116,P0100,Electronics,3,86.79,260.37
O00116,P0124,Home,1,71.03,71.03
O00117,P0127,Home,3,170.91,512.73
O00117,P0069,Sports,2,183.78,367.56
O00118,P0118,Books,2,128.02,256.04
O00118,P0025,Fashion,3,401.02,1203.06
O00118,P0129,Electronics,2,158.54,317.08
O00119,P0004,Toys,1,44.11,44.11
O00120,P0061,Beauty,1,193.11,193.11
O00121,P0096,Home,2,100.3,200.6
O00122,P0006,Fashion,3,310.04,930.12
O00122,P0166,Beauty,2,58.58,117.16
O00122,P0159,Fashion,3,57.87,173.61
O00123,P0123,Books,3,66.93,200.79
O00124,P0146,Fashion,2,211.15,422.3
O00124,P0091,Toys,3,156.27,468.81
O00125,P0126,Toys,2,88.03,176.06
O00125,P0008,Fashion,3,103.79,311.37
O00126,P0052,Books,3,34.13,102.39
O00126,P0175,Electronics,3,156.88,470.64
O00127,P0008,Toys,2,145.44,290.88
O00128,P0179,Beauty,1,114.74,114.74
O00128,P0109,Beauty,3,655.35,1966.05
O00128,P0035,Home,1,222.16,222.16
O00129,P0074,Electronics,2,82.25,164.5
O00129,P0106,Toys,1,47.11,47.11
O00129,P0147,Fashion,2,84.24,168.48
O00130,P0057,Electronics,3,654.62,1963.86
O00131,P0070,Fashion,1,149.33,149.33
O00131,P0169,Home,3,325.54,976.62
O00131,P0158,Sports,2,183.17,366.34
O00132,P0080,Books,1,136.45,136.45
O00133,P0004,Sports,3,207.3,621.9
O00133,P0148,Toys,2,113.24,226.48
O00134,P0011,Sports,3,1465.16,4395.48
O00134,P0058,Home,1,198.97,198.97
O00135,P0042,Toys,3,92.96,278.88
O00136,P0058,Home,1,243.05,243.05
O00136,P0151,Books,1,397.59,397.59
O00136,P0171,Home,1,171.24,171.24
O00137,P0161,Home,2,232.42,464.84
O00137,P0131,Electronics,2,81.94,163.88
O00137,P0082,Toys,3,173.38,520.14
O00138,P0100,Beauty,2,210.73,421.46
O00138,P0118,Books,3,414.04,1242.12
O00138,P0043,Books,1,208.03,208.03
O00139,P0126,Fashion,3,294.93,884.79
O00139,P0044,Sports,3,324.51,973.53
O00139,P0160,Toys,2,182.05,364.1
O00140,P0070,Fashion,3,78.98,236.94
O00140,P0027,Sports,2,92.78,185.56
O00140,P0158,Home,2,188.64,377.28
O00141,P0169,Books,2,60.95,121.9
O00141,P0130,Sports,2,195.63,391.26
O00142,P0005,Toys,1,113.2,113.2
O00143,P0041,Beauty,1,113.89,113.89
O00143,P0092,Toys,2,25.09,50.18
O00144,P0148,Sports,1,111.36,111.36
O00144,P0036,Home,2,90.03,180.06
O00145,P0117,Home,1,198.28,198.28
O00145,P0110,Beauty,2,80.96,161.92
O00145,P0029,Sports,2,156.39,312.78
O00146,P0134,Fashion,3,93.54,280.62
O00146,P0139,Fashion,1,108.81,108.81
O00146,P0165,Fashion,2,89.51,179.02
O00147,P0030,Fashion,3,148.44,445.32
O00147,P0128,Sports,2,187.8,375.6
O00148,P0169,Sports,1,152.4,152.4
O00149,P0052,Home,2,176.3,352.6
O00149,P0055,Books,1,143.05,143.05
O00149,P0043,Beauty,1,76.45,76.45
O00150,P0098,Beauty,2,159.19,318.38
O00150,P0043,Electronics,1,161.02,161.02
O00151,P0162,Sports,3,308.45,925.35
O00152,P0104,Home,3,42.96,128.88
O00152,P0069,Beauty,2,432.68,865.36
O00152,P0055,Fashion,2,222.32,444.64
O00153,P0158,Books,1,106.74,106.74
O00154,P0082,Books,3,35.62,106.86
O00154,P0051,Fashion,2,105.7,211.4
O00154,P0151,Fashion,1,190.74,190.74
O00155,P0119,Electronics,3,197.35,592.05
O00155,P0122,Beauty,2,66.45,132.9
O00155,P0009,Books,1,53.24,53.24
O00156,P0075,Electronics,2,267.94,535.88
O00156,P0120,Beauty,1,583.06,583.06
O00156,P0030,Electronics,2,188.16,376.32
O00157,P0043,Home,3,32.12,96.36
O00157,P0004,Books,3,130.92,392.76
O00158,P0021,Books,1,49.98,49.98
O00159,P0116,Sports,2,512.89,1025.78
O00159,P0083,Toys,2,31.76,63.52
O00160,P0044,Electronics,3,106.62,319.86
O00160,P0059,Sports,3,184.71,554.13
O00161,P0138,Fashion,1,246.06,246.06
O00162,P0038,Toys,2,227.63,455.26
O00162,P0049,Home,1,453.92,453.92
O00162,P0005,Fashion,2,69.91,139.82
O00163,P0080,Home,3,176.83,530.49
O00164,P0141,Fashion,2,72.98,145.96
O00164,P0072,Sports,2,143.46,286.92
O00164,P0069,Sports,2,438.33,876.66
O00165,P0140,Fashion,1,102.18,102.18
O00166,P0106,Home,3,45.23,135.69
O00166,P0078,Toys,2,135.02,270.04
O00166,P0176,Beauty,1,132.24,132.24
O00167,P0172,Sports,1,184.56,184.56
O00167,P0132,Home,2,384.03,768.06
O00167,P0174,Books,2,54.86,109.72
O00168,P0121,Sports,1,246.97,246.97
O00168,P0118,Toys,2,56.07,112.14
O00168,P0021,Home,2,142.99,285.98
O00169,P0018,Electronics,2,193.36,386.72
O00170,P0075,Toys,1,110.38,110.38
O00170,P0064,Fashion,1,55.79,55.79
O00170,P0037,Beauty,1,32.76,32.76
O00171,P0040,Home,3,159.32,477.96
O00172,P0085,Books,3,150.43,451.29
O00172,P0134,Toys,1,149.11,149.11
O00173,P0005,Electronics,2,57.92,115.84
O00173,P0179,Beauty,3,835.84,2507.52
O00173,P0146,Home,3,123.04,369.12
O00174,P0136,Beauty,3,193.87,581.61
O00175,P0104,Fashion,3,96.36,289.08
O00176,P0030,Books,3,147.17,441.51
O00177,P0035,Electronics,3,83.77,251.31
O00177,P0150,Fashion,3,517.98,1553.94
O00178,P0119,Sports,1,212.47,212.47
O00178,P0176,Books,3,103.37,310.11
O00179,P0091,Electronics,1,172.6,172.6
O00179,P0033,Toys,3,174.26,522.78
O00179,P0089,Toys,3,94.75,284.25
O00180,P0038,Home,2,200.21,400.42
O00180,P0039,Beauty,3,78.85,236.55
O00180,P0072,Fashion,1,75.27,75.27
O00181,P0177,Electronics,2,106.17,212.34
O00181,P0134,Electronics,2,104.57,209.14
O00182,P0129,Home,3,59.42,178.26
O00182,P0155,Fashion,1,90.86,90.86
O00182,P0130,Fashion,1,73.29,73.29
O00183,P0105,Home,1,123.51,123.51
O00183,P0080,Books,2,361.61,723.22
O00183,P0116,Toys,2,289.52,579.04
O00184,P0091,Home,2,121.24,242.48
O00184,P0035,Beauty,2,70.85,141.7
O00184,P0028,Fashion,1,156.41,156.41
O00185,P0126,Books,1,125.8,125.8
O00185,P0061,Home,3,90.66,271.98
O00186,P0040,Fashion,3,181.83,545.49
O00186,P0003,Fashion,1,147.61,147.61
O00186,P0049,Fashion,2,78.24,156.48
O00187,P0039,Sports,1,240.66,240.66
O00187,P0036,Sports,1,40.57,40.57
O00187,P0023,Books,2,220.37,440.74
O00188,P0156,Electronics,3,119.98,359.94
O00189,P0103,Fashion,3,83.65,250.95
O00189,P0148,Toys,1,91.66,91.66
O00189,P0015,Fashion,1,516.32,516.32
O00190,P0146,Toys,2,205.14,410.28
O00190,P0081,Electronics,2,232.97,465.94
O00191,P0007,Books,1,126.57,126.57
O00191,P0020,Electronics,1,161.2,161.2
O00191,P0142,Toys,1,232.64,232.64
O00192,P0062,Sports,3,202.79,608.37
O00192,P0179,Electronics,3,468.49,1405.47
O00192,P0051,Fashion,2,184.56,369.12
O00193,P0001,Fashion,3,191.29,573.87
O00193,P0131,Sports,2,26.93,53.86
O00194,P0120,Electronics,2,115.91,231.82
O00194,P0043,Fashion,2,365.64,731.28
O00194,P0175,Toys,2,205.89,411.78
O00195,P0067,Beauty,3,44.94,134.82
O00195,P0146,Home,1,268.8,268.8
O00196,P0014,Electronics,2,120.92,241.84
O00196,P0045,Beauty,2,191.42,382.84
O00197,P0102,Home,2,115.38,230.76
O00197,P0076,Books,1,557.42,557.42
O00198,P0075,Fashion,2,142.9,285.8
O00199,P0174,Books,2,169.48,338.96
O00200,P0128,Sports,1,66.81,66.81
O00200,P0109,Sports,1,158.91,158.91
O00200,P0073,Toys,2,93.11,186.22
O00201,P0159,Toys,2,20.73,41.46
O00202,P0034,Home,3,224.44,673.32
O00202,P0115,Books,1,144.12,144.12
O00203,P0140,Electronics,2,537.89,1075.78
O00204,P0007,Fashion,1,257.48,257.48
O00205,P0156,Toys,2,43.3,86.6
O00205,P0045,Fashion,1,65.08,65.08
O00206,P0146,Toys,2,16.44,32.88
O00207,P0114,Toys,2,97.14,194.28
O00208,P0058,Fashion,1,274.97,274.97
O00208,P0166,Sports,2,144.08,288.16
O00209,P0049,Fashion,3,86.87,260.61
O00209,P0133,Beauty,2,76.61,153.22
O00210,P0047,Electronics,3,108.46,325.38
O00210,P0080,Toys,1,139.96,139.96
O00211,P0078,Fashion,2,96.09,192.18
O00212,P0118,Fashion,3,115.47,346.41
O00213,P0165,Beauty,3,866.53,2599.59
O00214,P0156,Beauty,3,258.96,776.88
O00214,P0025,Books,1,24.72,24.72
O00215,P0136,Beauty,2,165.02,330.04
O00215,P0057,Beauty,2,374.14,748.28
O00216,P0086,Books,2,76.88,153.76
O00217,P0079,Beauty,2,159.27,318.54
O00217,P0057,Fashion,1,94.22,94.22
O00217,P0131,Home,3,60.45,181.35
O00218,P0079,Electronics,2,98.0,196.0
O00218,P0037,Books,2,178.7,357.4
O00219,P0119,Electronics,2,191.08,382.16
O00219,P0043,Sports,1,138.97,138.97
O00219,P0162,Fashion,2,258.53,517.06
O00220,P0085,Books,3,179.08,537.24
O00220,P0074,Electronics,3,222.01,666.03
O00221,P0075,Sports,3,84.38,253.14
O00221,P0034,Books,3,100.22,300.66
O00222,P0109,Sports,1,98.65,98.65
O00223,P0159,Home,1,115.51,115.51
O00224,P0148,Beauty,1,21.72,21.72
O00224,P0077,Books,2,143.22,286.44
O00225,P0071,Home,1,327.22,327.22
O00226,P0118,Electronics,1,186.31,186.31
O00227,P0037,Electronics,1,121.0,121.0
O00228,P0023,Toys,1,113.09,113.09
O00228,P0094,Fashion,1,278.63,278.63
O00228,P0005,Fashion,2,143.53,287.06
O00229,P0159,Beauty,1,137.92,137.92
O00230,P0119,Toys,3,177.1,531.3
O00231,P0043,Beauty,2,71.13,142.26
O00232,P0078,Fashion,2,176.84,353.68
O00232,P0044,Books,1,517.74,517.74
O00233,P0142,Beauty,2,269.9,539.8
O00233,P0070,Toys,1,101.25,101.25
O00233,P0166,Books,2,183.24,366.48
O00234,P0126,Toys,2,192.02,384.04
O00234,P0020,Home,3,311.63,934.89
O00234,P0115,Toys,3,170.72,512.16
O00235,P0085,Fashion,1,116.94,116.94
O00236,P0036,Fashion,1,244.82,244.82
O00236,P0091,Books,3,59.49,178.47
O00237,P0090,Books,3,116.3,348.9
O00237,P0159,Toys,1,184.79,184.79
O00237,P0103,Electronics,3,49.91,149.73
O00238,P0123,Fashion,1,593.98,593.98
O00238,P0040,Fashion,1,16.82,16.82
O00238,P0169,Toys,3,138.75,416.25
O00239,P0135,Home,2,189.64,379.28
O00240,P0074,Toys,1,108.5,108.5
O00240,P0131,Beauty,2,197.57,395.14
O00240,P0085,Beauty,2,146.93,293.86
O00241,P0087,Electronics,2,58.56,117.12
O00241,P0095,Sports,3,99.69,299.07
O00242,P0049,Beauty,2,113.22,226.44
O00242,P0028,Sports,2,144.34,288.68
O00242,P0176,Books,2,553.69,1107.38
O00243,P0069,Home,1,56.56,56.56
O00243,P0177,Toys,2,92.7,185.4
O00244,P0107,Fashion,1,252.31,252.31
O00244,P0118,Books,3,124.98,374.94
O00245,P0111,Beauty,1,59.09,59.09
O00245,P0041,Toys,2,69.32,138.64
O00246,P0044,Home,2,88.77,177.54
O00247,P0029,Books,1,343.88,343.88
O00247,P0103,Beauty,1,73.56,73.56
O00248,P0003,Electronics,1,143.99,143.99
O00249,P0111,Books,1,230.77,230.77
O00250,P0031,Electronics,2,118.52,237.04
O00250,P0105,Electronics,3,617.69,1853.07
O00251,P0038,Sports,2,346.62,693.24
O00251,P0020,Toys,3,102.48,307.44
O00252,P0144,Beauty,1,225.14,225.14
O00252,P0060,Books,1,211.85,211.85
O00252,P0037,Toys,2,79.07,158.14
O00253,P0062,Sports,1,158.7,158.7
O00254,P0119,Books,3,57.61,172.83
O00255,P0172,Fashion,1,108.74,108.74
O00256,P0061,Beauty,2,214.03,428.06
O00256,P0138,Books,1,101.6,101.6
O00256,P0118,Fashion,1,122.14,122.14
O00257,P0151,Books,3,173.86,521.58
O00257,P0043,Books,1,131.59,131.59
O00258,P0130,Sports,3,53.14,159.42
O00258,P0154,Fashion,1,81.58,81.58
O00259,P0172,Fashion,2,357.31,714.62
O00259,P0151,Fashion,2,108.64,217.28
O00259,P0058,Books,3,151.11,453.33
O00260,P0077,Electronics,2,353.69,707.38
O00261,P0020,Home,2,103.64,207.28
O00261,P0009,Sports,1,86.25,86.25
O00261,P0043,Beauty,2,69.28,138.56
O00262,P0101,Toys,3,44.24,132.72
O00262,P0044,Beauty,1,180.7,180.7
O00263,P0072,Electronics,2,264.95,529.9
O00264,P0042,Sports,2,55.11,110.22
O00265,P0176,Sports,2,186.05,372.1
O00265,P0088,Fashion,1,239.5,239.5
O00265,P0147,Fashion,2,498.7,997.4
O00266,P0099,Toys,3,92.96,278.88
O00267,P0031,Sports,2,242.2,484.4
O00267,P0078,Beauty,1,103.01,103.01
O00268,P0176,Books,3,132.57,397.71
O00269,P0044,Fashion,2,190.21,380.42
O00270,P0041,Fashion,1,327.33,327.33
O00270,P0177,Books,2,140.58,281.16
O00271,P0027,Home,2,629.87,1259.74
O00272,P0032,Electronics,3,227.29,681.87
O00272,P0065,Home,2,230.12,460.24
O00273,P0093,Sports,3,94.19,282.57
O00273,P0168,Sports,3,111.43,334.29
O00273,P0004,Sports,1,188.24,188.24
O00274,P0021,Toys,2,296.59,593.18
O00274,P0124,Toys,1,108.59,108.59
O00274,P0175,Toys,2,219.9,439.8
O00275,P0121,Home,2,223.77,447.54
O00276,P0040,Fashion,2,561.37,1122.74
O00276,P0052,Books,3,199.07,597.21
O00276,P0063,Beauty,2,104.98,209.96
O00277,P0061,Toys,2,141.73,283.46
O00277,P0166,Beauty,1,92.38,92.38
O00278,P0010,Electronics,3,116.71,350.13
O00278,P0101,Electronics,2,79.45,158.9
O00279,P0143,Fashion,2,91.13,182.26
O00280,P0023,Beauty,1,48.74,48.74
O00280,P0175,Beauty,2,199.79,399.58
O00281,P0040,Electronics,2,256.38,512.76
O00282,P0010,Beauty,2,479.19,958.38
O00282,P0061,Sports,1,77.19,77.19
O00283,P0101,Electronics,2,275.45,550.9
O00283,P0060,Electronics,1,319.09,319.09
O00283,P0139,Fashion,3,110.12,330.36
O00284,P0010,Books,3,131.75,395.25
O00284,P0085,Books,3,39.63,118.89
O00285,P0001,Electronics,2,356.53,713.06
O00286,P0082,Home,1,52.99,52.99
O00287,P0169,Fashion,2,46.71,93.42
O00288,P0117,Electronics,2,83.35,166.7
O00289,P0134,Beauty,1,33.48,33.48
O00289,P0115,Sports,1,73.22,73.22
O00289,P0150,Toys,3,148.1,444.3
O00290,P0009,Beauty,3,164.64,493.92
O00291,P0091,Toys,1,151.69,151.69
O00292,P0069,Books,2,112.97,225.94
O00292,P0062,Home,1,71.24,71.24
O00293,P0131,Fashion,3,127.39,382.17
O00294,P0134,Books,3,33.67,101.01
O00294,P0022,Beauty,3,92.4,277.2
O00295,P0175,Books,1,143.42,143.42
O00295,P0134,Sports,2,353.26,706.52
O00295,P0047,Books,3,198.5,595.5
O00296,P0083,Electronics,1,91.85,91.85
O00297,P0010,Electronics,3,159.14,477.42
O00298,P0014,Toys,3,369.93,1109.79
O00298,P0026,Toys,2,54.31,108.62
O00298,P0073,Books,1,183.69,183.69
O00299,P0007,Electronics,2,148.29,296.58
O00299,P0089,Home,1,315.13,315.13
O00300,P0078,Home,2,72.57,145.14
O00300,P0080,Toys,3,456.84,1370.52
O00301,P0035,Home,2,152.26,304.52
O00302,P0164,Beauty,1,113.76,113.76
O00303,P0128,Books,3,130.11,390.33
O00303,P0071,Home,2,258.98,517.96
O00304,P0049,Home,2,260.43,520.86
O00304,P0055,Toys,1,90.43,90.43
O00304,P0155,Books,1,54.83,54.83
O00305,P0099,Home,2,103.82,207.64
O00306,P0118,Home,3,388.08,1164.24
O00306,P0144,Fashion,1,157.11,157.11
O00306,P0179,Books,3,149.78,449.34
O00307,P0094,Beauty,2,118.36,236.72
O00307,P0105,Electronics,1,204.99,204.99
O00308,P0066,Beauty,3,130.65,391.95
O00309,P0156,Home,3,315.86,947.58
O00310,P0172,Books,2,450.2,900.4
O00310,P0153,Toys,3,59.57,178.71
O00310,P0136,Toys,3,140.0,420.0
O00311,P0032,Fashion,3,235.81,707.43
O00311,P0059,Electronics,3,209.86,629.58
O00312,P0170,Beauty,3,142.98,428.94
O00312,P0141,Books,1,460.08,460.08
O00312,P0091,Books,2,91.01,182.02
O00313,P0098,Toys,1,302.3,302.3
O00313,P0137,Toys,3,246.78,740.34
O00313,P0116,Beauty,2,75.98,151.96
O00314,P0133,Fashion,1,652.58,652.58
O00315,P0095,Electronics,2,93.11,186.22
O00316,P0007,Toys,1,142.28,142.28
O00317,P0172,Beauty,1,69.82,69.82
O00317,P0045,Toys,3,228.5,685.5
O00318,P0062,Home,3,160.31,480.93
O00318,P0015,Toys,2,212.3,424.6
O00319,P0089,Home,2,398.95,797.9
O00320,P0063,Home,2,65.35,130.7
O00320,P0027,Toys,2,127.26,254.52
O00320,P0138,Fashion,2,77.09,154.18
O00321,P0047,Sports,2,125.91,251.82
O00322,P0073,Electronics,1,112.65,112.65
O00323,P0129,Books,3,249.18,747.54
O00324,P0157,Electronics,3,216.2,648.6
O00325,P0127,Books,1,342.94,342.94
O00325,P0013,Books,2,226.12,452.24
O00325,P0023,Books,3,382.87,1148.61
O00326,P0075,Sports,1,194.61,194.61
O00326,P0117,Sports,2,122.4,244.8
O00326,P0113,Books,3,272.47,817.41
O00327,P0052,Sports,2,621.03,1242.06
O00328,P0152,Home,2,80.01,160.02
O00328,P0159,Electronics,2,88.64,177.28
O00329,P0141,Home,2,91.0,182.0
O00329,P0107,Beauty,3,310.59,931.77
O00329,P0107,Home,2,1434.94,2869.88
O00330,P0046,Sports,1,80.39,80.39
O00330,P0105,Sports,3,491.11,1473.33
O00331,P0162,Sports,1,61.62,61.62
O00332,P0010,Sports,1,52.39,52.39
O00332,P0035,Electronics,1,214.06,214.06
O00332,P0039,Fashion,2,215.32,430.64
O00333,P0002,Fashion,2,51.68,103.36
O00333,P0074,Electronics,2,249.25,498.5
O00334,P0124,Home,2,322.42,644.84
O00335,P0037,Books,1,93.43,93.43
O00336,P0099,Electronics,1,106.74,106.74
O00336,P0029,Beauty,3,51.0,153.0
O00337,P0161,Beauty,1,280.28,280.28
O00337,P0060,Books,3,193.55,580.65
O00337,P0054,Fashion,1,284.03,284.03
O00338,P0082,Beauty,1,79.19,79.19
O00338,P0069,Toys,3,811.78,2435.34
O00339,P0002,Toys,1,88.39,88.39
O00339,P0166,Toys,3,196.0,588.0
O00340,P0027,Books,3,296.43,889.29
O00341,P0146,Books,2,524.66,1049.32
O00342,P0048,Home,2,382.1,764.2
O00343,P0009,Toys,3,71.98,215.94
O00343,P0024,Electronics,1,131.09,131.09
O00344,P0133,Beauty,1,252.48,252.48
O00344,P0044,Sports,3,177.22,531.66
O00344,P0097,Books,3,50.98,152.94
O00345,P0103,Fashion,1,150.68,150.68
O00345,P0172,Toys,3,83.93,251.79
O00346,P0004,Books,2,194.68,389.36
O00346,P0012,Books,1,183.57,183.57
O00347,P0020,Sports,1,70.66,70.66
O00347,P0058,Sports,3,185.02,555.06
O00347,P0026,Toys,2,169.3,338.6
O00348,P0114,Books,2,36.13,72.26
O00348,P0141,Beauty,1,64.68,64.68
O00349,P0165,Beauty,3,145.35,436.05
O00349,P0103,Books,2,182.6,365.2
O00349,P0016,Home,3,129.07,387.21
O00350,P0006,Toys,2,38.28,76.56
O00350,P0158,Sports,3,109.89,329.67
O00351,P0134,Fashion,2,163.42,326.84
O00352,P0043,Sports,3,182.03,546.09
O00353,P0045,Toys,2,528.62,1057.24
O00354,P0005,Fashion,1,250.92,250.92
O00354,P0114,Fashion,1,95.89,95.89
O00354,P0113,Electronics,2,278.15,556.3
O00355,P0031,Fashion,1,392.17,392.17
O00355,P0029,Books,2,297.3,594.6
O00355,P0097,Home,2,93.04,186.08
O00356,P0020,Beauty,2,432.37,864.74
O00356,P0087,Beauty,3,123.36,370.08
O00357,P0114,Fashion,1,456.27,456.27
O00357,P0121,Home,2,47.79,95.58
O00358,P0055,Home,3,229.18,687.54
O00359,P0146,Sports,3,223.51,670.53
O00360,P0093,Sports,3,340.98,1022.94
O00360,P0068,Sports,2,58.77,117.54
O00361,P0086,Electronics,1,333.29,333.29
O00361,P0173,Books,1,151.64,151.64
O00362,P0108,Home,2,255.71,511.42
O00362,P0010,Toys,2,284.02,568.04
O00363,P0025,Fashion,2,227.84,455.68
O00363,P0012,Electronics,3,123.83,371.49
O00363,P0042,Books,2,64.09,128.18
O00364,P0101,Electronics,3,244.91,734.73
O00365,P0047,Toys,3,159.05,477.15
O00365,P0019,Beauty,2,735.99,1471.98
O00366,P0045,Books,3,69.37,208.11
O00367,P0035,Fashion,3,92.55,277.65
O00367,P0146,Home,3,186.09,558.27
O00368,P0152,Electronics,2,58.5,117.0
O00368,P0176,Books,1,143.01,143.01
O00368,P0130,Sports,3,48.35,145.05
O00369,P0107,Electronics,3,166.11,498.33
O00369,P0129,Fashion,3,80.7,242.1
O00370,P0053,Books,1,89.32,89.32
O00370,P0074,Electronics,2,362.21,724.42
O00370,P0105,Books,1,278.51,278.51
O00371,P0114,Books,1,70.51,70.51
O00372,P0103,Fashion,1,208.58,208.58
O00372,P0074,Home,2,192.53,385.06
O00372,P0163,Fashion,2,120.54,241.08
O00373,P0011,Fashion,1,113.24,113.24
O00373,P0053,Books,2,80.07,160.14
O00374,P0141,Electronics,1,74.44,74.44
O00374,P0113,Toys,2,102.22,204.44
O00375,P0150,Toys,1,261.19,261.19
O00376,P0080,Beauty,2,90.68,181.36
O00376,P0030,Books,1,124.19,124.19
O00377,P0062,Sports,1,101.37,101.37
O00377,P0011,Books,1,189.94,189.94
O00377,P0130,Beauty,1,246.23,246.23
O00378,P0154,Home,2,31.26,62.52
O00378,P0048,Home,2,88.26,176.52
O00378,P0033,Fashion,3,103.6,310.8
O00379,P0113,Sports,2,199.94,399.88
O00380,P0148,Home,2,50.46,100.92
O00381,P0177,Toys,2,111.91,223.82
O00381,P0106,Beauty,3,402.57,1207.71
O00381,P0172,Beauty,2,238.62,477.24
O00382,P0029,Home,3,268.86,806.58
O00382,P0075,Fashion,3,55.31,165.93
O00382,P0023,Home,1,126.55,126.55
O00383,P0170,Beauty,1,227.49,227.49
O00384,P0125,Sports,3,190.57,571.71
O00384,P0156,Books,2,79.36,158.72
O00385,P0093,Books,1,63.53,63.53
O00385,P0177,Books,3,226.25,678.75
O00386,P0151,Toys,3,477.8,1433.4
O00387,P0134,Books,2,187.96,375.92
O00387,P0003,Sports,3,245.44,736.32
O00388,P0138,Home,3,95.3,285.9
O00389,P0019,Beauty,1,176.34,176.34
O00389,P0030,Sports,2,57.96,115.92
O00389,P0023,Books,1,198.01,198.01
O00390,P0010,Electronics,2,58.74,117.48
O00390,P0150,Home,3,379.47,1138.41
O00390,P0096,Home,2,136.04,272.08
O00391,P0151,Sports,2,116.69,233.38
O00391,P0098,Sports,1,326.15,326.15
O00392,P0173,Books,2,106.47,212.94
O00392,P0036,Fashion,2,304.45,608.9
O00392,P0024,Home,3,424.74,1274.22
O00393,P0060,Home,1,165.76,165.76
O00393,P0160,Toys,3,256.77,770.31
O00393,P0138,Books,3,155.41,466.23
O00394,P0056,Electronics,1,195.43,195.43
O00394,P0159,Home,2,185.71,371.42
O00394,P0135,Beauty,3,181.67,545.01
O00395,P0173,Books,3,379.76,1139.28
O00395,P0069,Beauty,1,193.43,193.43
O00396,P0142,Electronics,3,127.57,382.71
O00396,P0091,Home,3,206.16,618.48
O00396,P0171,Electronics,3,91.42,274.26
O00397,P0007,Sports,1,254.6,254.6
O00397,P0060,Sports,2,138.12,276.24
O00397,P0110,Beauty,1,206.62,206.62
O00398,P0043,Home,2,236.0,472.0
O00399,P0164,Electronics,1,350.78,350.78
O00400,P0085,Books,3,293.71,881.13
O00400,P0150,Books,2,568.34,1136.68
O00400,P0134,Sports,3,429.91,1289.73
O00401,P0044,Toys,3,147.52,442.56
O00401,P0066,Home,2,332.15,664.3
O00401,P0099,Electronics,3,223.49,670.47
O00402,P0179,Toys,2,240.88,481.76
O00402,P0024,Toys,3,36.91,110.73
O00402,P0133,Sports,1,82.09,82.09
O00403,P0146,Toys,3,195.47,586.41
O00403,P0021,Books,2,226.05,452.1
O00403,P0021,Toys,1,131.53,131.53
O00404,P0093,Books,2,149.18,298.36
O00404,P0103,Electronics,3,176.09,528.27
O00404,P0109,Books,3,181.33,543.99
O00405,P0092,Electronics,2,185.36,370.72
O00405,P0139,Sports,3,214.01,642.03
O00405,P0136,Sports,2,194.47,388.94
O00406,P0122,Fashion,2,117.95,235.9
O00406,P0109,Sports,3,194.03,582.09
O00407,P0060,Electronics,1,102.31,102.31
O00408,P0055,Sports,2,80.43,160.86
O00409,P0082,Electronics,3,433.91,1301.73
O00409,P0123,Sports,2,226.0,452.0
O00410,P0142,Electronics,2,116.02,232.04
O00411,P0060,Electronics,3,235.39,706.17
O00411,P0042,Home,2,112.4,224.8
O00411,P0092,Toys,3,40.74,122.22
O00412,P0068,Toys,1,225.69,225.69
O00412,P0116,Fashion,1,173.96,173.96
O00413,P0127,Toys,2,166.79,333.58
O00414,P0172,Sports,1,16.57,16.57
O00414,P0155,Home,3,897.15,2691.45
O00414,P0077,Home,1,147.59,147.59
O00415,P0119,Fashion,3,206.59,619.77
O00415,P0046,Fashion,3,259.33,777.99
O00416,P0116,Books,1,165.0,165.0
O00416,P0104,Electronics,3,101.45,304.35
O00417,P0023,Home,3,32.78,98.34
O00417,P0115,Fashion,2,387.42,774.84
O00418,P0028,Home,2,40.41,80.82
O00419,P0109,Fashion,2,42.64,85.28
O00420,P0051,Beauty,3,327.87,983.61
O00421,P0141,Books,2,213.69,427.38
O00422,P0008,Electronics,2,51.9,103.8
O00422,P0133,Sports,1,194.75,194.75
O00422,P0173,Sports,1,324.4,324.4
O00423,P0152,Fashion,2,175.39,350.78
O00423,P0054,Home,1,185.91,185.91
O00424,P0172,Home,3,220.63,661.89
O00425,P0126,Home,3,116.37,349.11
O00426,P0048,Toys,3,471.72,1415.16
O00426,P0112,Books,1,164.78,164.78
O00426,P0129,Toys,1,142.87,142.87
O00427,P0099,Beauty,1,185.34,185.34
O00427,P0107,Books,2,167.24,334.48
O00428,P0156,Beauty,3,122.14,366.42
O00428,P0126,Home,1,103.29,103.29
O00428,P0055,Electronics,3,512.02,1536.06
O00429,P0147,Sports,2,89.16,178.32
O00429,P0045,Home,3,151.37,454.11
O00430,P0153,Electronics,3,74.04,222.12
O00431,P0041,Fashion,1,124.66,124.66
O00431,P0071,Books,2,86.23,172.46
O00432,P0125,Books,1,55.93,55.93
O00432,P0068,Sports,2,119.39,238.78
O00433,P0031,Home,1,133.63,133.63
O00433,P0066,Sports,2,73.13,146.26
O00433,P0043,Fashion,2,221.56,443.12
O00434,P0095,Fashion,2,111.14,222.28
O00434,P0098,Home,3,122.94,368.82
O00435,P0056,Toys,1,113.54,113.54
O00436,P0090,Beauty,3,128.64,385.92
O00437,P0044,Home,1,291.7,291.7
O00438,P0112,Books,2,101.79,203.58
O00438,P0070,Home,3,170.99,512.97
O00438,P0179,Beauty,2,131.31,262.62
O00439,P0136,Electronics,3,86.53,259.59
O00439,P0003,Books,2,98.73,197.46
O00439,P0097,Beauty,1,147.24,147.24
O00440,P0120,Books,2,247.87,495.74
O00440,P0073,Electronics,2,221.14,442.28
O00440,P0087,Books,3,300.78,902.34
O00441,P0173,Fashion,3,53.61,160.83
O00442,P0068,Sports,1,256.14,256.14
O00442,P0012,Toys,2,372.66,745.32
O00442,P0082,Home,2,345.12,690.24
O00443,P0029,Fashion,2,107.01,214.02
O00444,P0118,Toys,2,46.79,93.58
O00445,P0154,Electronics,1,204.9,204.9
O00445,P0165,Home,3,823.42,2470.26
O00445,P0022,Sports,2,150.77,301.54
O00446,P0148,Fashion,2,104.43,208.86
O00447,P0176,Fashion,2,333.87,667.74
O00447,P0116,Toys,3,143.21,429.63
O00447,P0156,Sports,1,256.66,256.66
O00448,P0166,Beauty,2,591.36,1182.72
O00449,P0082,Beauty,1,265.1,265.1
O00450,P0178,Electronics,3,124.48,373.44
O00451,P0051,Sports,1,127.53,127.53
O00451,P0073,Fashion,1,201.07,201.07
O00451,P0140,Sports,3,153.85,461.55
O00452,P0070,Sports,2,100.75,201.5
O00452,P0057,Beauty,2,494.07,988.14
O00452,P0078,Beauty,3,153.98,461.94
O00453,P0041,Beauty,3,386.32,1158.96
O00453,P0168,Home,1,221.86,221.86
O00454,P0020,Toys,2,184.89,369.78
O00454,P0073,Beauty,3,163.44,490.32
O00455,P0060,Toys,3,125.24,375.72
O00456,P0041,Home,3,63.88,191.64
O00456,P0060,Toys,1,138.06,138.06
O00456,P0003,Home,2,224.5,449.0
O00457,P0094,Books,1,91.43,91.43
O00458,P0013,Home,3,48.96,146.88
O00458,P0031,Home,3,253.38,760.14
O00459,P0169,Home,2,40.95,81.9
O00460,P0020,Beauty,3,21.22,63.66
O00460,P0131,Books,1,41.42,41.42
O00460,P0010,Books,1,309.28,309.28
O00461,P0130,Electronics,2,241.47,482.94
O00462,P0005,Books,1,200.08,200.08
O00462,P0099,Sports,2,162.53,325.06
O00463,P0150,Sports,1,53.85,53.85
O00464,P0176,Home,1,55.6,55.6
O00464,P0168,Books,1,564.16,564.16
O00465,P0086,Beauty,1,139.84,139.84
O00465,P0074,Home,2,431.99,863.98
O00466,P0024,Fashion,3,129.04,387.12
O00466,P0042,Home,3,148.8,446.4
O00466,P0123,Beauty,1,99.97,99.97
O00467,P0057,Fashion,1,87.77,87.77
O00467,P0170,Fashion,1,140.75,140.75
O00468,P0060,Books,1,220.92,220.92
O00469,P0050,Electronics,3,168.46,505.38
O00470,P0118,Beauty,1,283.04,283.04
O00470,P0080,Books,1,119.13,119.13
O00470,P0140,Home,1,173.59,173.59
O00471,P0124,Books,2,56.38,112.76
O00471,P0059,Sports,3,142.97,428.91
O00472,P0145,Electronics,3,18.36,55.08
O00472,P0168,Beauty,3,54.86,164.58
O00472,P0018,Fashion,1,197.88,197.88
O00473,P0001,Electronics,1,253.24,253.24
O00473,P0002,Fashion,3,74.77,224.31
O00474,P0050,Toys,2,312.66,625.32
O00474,P0108,Sports,2,138.78,277.56
O00474,P0002,Books,2,59.59,119.18
O00475,P0101,Electronics,3,210.41,631.23
O00475,P0077,Beauty,3,94.57,283.71
O00476,P0065,Toys,2,189.18,378.36
O00476,P0005,Home,2,194.97,389.94
O00476,P0146,Books,2,95.1,190.2
O00477,P0131,Home,1,84.35,84.35
O00477,P0127,Books,3,142.12,426.36
O00478,P0039,Home,2,255.6,511.2
O00478,P0087,Sports,2,274.18,548.36
O00478,P0085,Sports,1,132.85,132.85
O00479,P0173,Toys,1,64.2,64.2
O00479,P0090,Electronics,2,138.73,277.46
O00480,P0027,Sports,1,233.03,233.03
O00480,P0015,Electronics,3,126.0,378.0
O00481,P0094,Home,1,80.69,80.69
O00481,P0045,Beauty,3,210.46,631.38
O00481,P0063,Books,1,232.94,232.94
O00482,P0073,Fashion,1,75.62,75.62
O00482,P0102,Home,1,58.41,58.41
O00483,P0021,Sports,2,156.91,313.82
O00484,P0081,Fashion,1,79.36,79.36
O00484,P0172,Fashion,2,84.04,168.08
O00485,P0079,Electronics,3,68.66,205.98
O00485,P0076,Sports,2,56.78,113.56
O00485,P0089,Fashion,3,527.65,1582.95
O00486,P0077,Home,2,60.19,120.38
O00486,P0030,Fashion,1,103.21,103.21
O00486,P0114,Toys,1,297.0,297.0
O00487,P0032,Sports,2,143.9,287.8
O00487,P0077,Electronics,2,90.38,180.76
O00488,P0165,Toys,2,184.05,368.1
O00488,P0170,Fashion,2,822.37,1644.74
O00489,P0081,Home,1,122.54,122.54
O00489,P0127,Sports,2,164.37,328.74
O00489,P0034,Home,2,410.12,820.24
O00490,P0031,Home,3,105.83,317.49
O00491,P0111,Books,2,299.23,598.46
O00491,P0007,Electronics,1,123.34,123.34
O00491,P0118,Books,3,256.52,769.56
O00492,P0070,Sports,3,197.75,593.25
O00493,P0083,Home,1,167.17,167.17
O00493,P0101,Sports,1,53.03,53.03
O00493,P0049,Electronics,2,70.74,141.48
O00494,P0162,Toys,3,408.87,1226.61
O00494,P0178,Books,3,190.33,570.99
O00495,P0145,Toys,1,289.26,289.26
O00496,P0173,Sports,2,92.36,184.72
O00496,P0061,Sports,1,94.71,94.71
O00497,P0081,Sports,1,128.63,128.63
O00497,P0127,Toys,1,642.68,642.68
O00497,P0008,Toys,1,71.95,71.95
O00498,P0002,Fashion,1,95.05,95.05
O00498,P0127,Toys,2,106.25,212.5
O00498,P0177,Beauty,2,237.19,474.38
O00499,P0050,Home,2,637.94,1275.88
O00500,P0153,Sports,2,119.18,238.36
O00500,P0073,Home,1,491.65,491.65
O00501,P0172,Beauty,1,188.33,188.33
O00502,P0134,Toys,3,23.92,71.76
O00502,P0101,Electronics,2,268.26,536.52
O00503,P0095,Toys,1,300.9,300.9
O00503,P0158,Electronics,1,174.24,174.24
O00504,P0115,Toys,3,126.33,378.99
O00504,P0090,Fashion,3,58.65,175.95
O00505,P0112,Toys,3,127.15,381.45
O00505,P0078,Sports,2,134.66,269.32
O00505,P0019,Fashion,1,87.88,87.88
O00506,P0025,Books,2,82.93,165.86
O00506,P0024,Toys,2,129.64,259.28
O00506,P0112,Fashion,3,398.43,1195.29
O00507,P0022,Books,1,96.07,96.07
O00508,P0056,Toys,3,95.79,287.37
O00508,P0051,Books,3,297.59,892.77
O00509,P0157,Beauty,3,121.27,363.81
O00510,P0127,Home,2,279.46,558.92
O00511,P0135,Books,2,118.98,237.96
O00511,P0094,Beauty,1,150.91,150.91
O00511,P0175,Electronics,3,145.33,435.99
O00512,P0113,Toys,2,135.86,271.72
O00513,P0108,Home,2,138.39,276.78
O00514,P0028,Home,2,125.67,251.34
O00514,P0158,Beauty,2,71.83,143.66
O00514,P0001,Home,1,328.68,328.68
O00515,P0130,Books,1,350.22,350.22
O00515,P0082,Books,3,81.68,245.04
O00516,P0071,Sports,1,175.7,175.7
O00517,P0094,Fashion,2,300.4,600.8
O00517,P0081,Electronics,1,173.05,173.05
O00518,P0124,Home,2,149.7,299.4
O00519,P0120,Electronics,3,100.07,300.21
O00519,P0164,Home,3,94.26,282.78
O00520,P0024,Fashion,1,200.37,200.37
O00521,P0107,Fashion,1,128.79,128.79
O00521,P0165,Fashion,2,35.88,71.76
O00521,P0022,Fashion,2,136.2,272.4
O00522,P0044,Books,1,469.53,469.53
O00522,P0164,Books,3,32.82,98.46
O00522,P0153,Beauty,3,229.46,688.38
O00523,P0092,Fashion,1,60.55,60.55
O00524,P0021,Electronics,3,156.33,468.99
O00525,P0079,Beauty,1,420.02,420.02
O00526,P0132,Fashion,3,66.58,199.74
O00527,P0017,Books,3,160.51,481.53
O00528,P0060,Sports,1,445.58,445.58
O00528,P0100,Electronics,1,125.64,125.64
O00528,P0141,Toys,3,644.36,1933.08
O00529,P0137,Toys,2,359.73,719.46
O00529,P0021,Home,2,220.67,441.34
O00529,P0047,Electronics,1,182.63,182.63
O00530,P0125,Sports,1,580.51,580.51
O00530,P0156,Sports,3,102.24,306.72
O00531,P0160,Toys,3,56.81,170.43
O00531,P0083,Home,1,104.37,104.37
O00531,P0047,Books,2,893.51,1787.02
O00532,P0029,Electronics,2,302.09,604.18
O00532,P0118,Fashion,3,166.55,499.65
O00533,P0042,Books,2,47.76,95.52
O00534,P0048,Books,3,57.19,171.57
O00534,P0139,Beauty,3,151.59,454.77
O00534,P0045,Home,1,229.43,229.43
O00535,P0137,Sports,2,340.99,681.98
O00535,P0033,Beauty,3,125.91,377.73
O00535,P0003,Fashion,3,194.05,582.15
O00536,P0136,Beauty,3,98.92,296.76
O00536,P0174,Beauty,1,130.03,130.03
O00537,P0040,Home,3,331.22,993.66
O00537,P0049,Home,2,540.51,1081.02
O00538,P0053,Beauty,2,102.88,205.76
O00539,P0138,Home,3,73.48,220.44
O00539,P0031,Fashion,2,458.35,916.7
O00540,P0091,Toys,1,108.28,108.28
O00541,P0045,Beauty,1,164.07,164.07
O00541,P0120,Beauty,3,186.13,558.39
O00541,P0007,Home,3,112.93,338.79
O00542,P0051,Electronics,3,65.38,196.14
O00542,P0016,Sports,3,419.84,1259.52
O00543,P0025,Electronics,1,199.34,199.34
O00543,P0026,Books,3,55.72,167.16
O00543,P0024,Fashion,3,566.81,1700.43
O00544,P0095,Toys,2,61.13,122.26
O00544,P0124,Sports,3,245.96,737.88
O00545,P0111,Sports,2,150.94,301.88
O00545,P0006,Fashion,3,266.63,799.89
O00546,P0065,Fashion,2,67.3,134.6
O00546,P0136,Electronics,3,508.1,1524.3
O00546,P0064,Sports,3,119.06,357.18
O00547,P0043,Beauty,2,384.61,769.22
O00547,P0047,Fashion,3,557.53,1672.59
O00547,P0153,Toys,1,232.44,232.44
O00548,P0134,Books,2,143.41,286.82
O00549,P0177,Toys,2,67.12,134.24
O00549,P0044,Toys,3,46.97,140.91
O00550,P0071,Fashion,1,78.8,78.8
O00551,P0049,Electronics,3,435.69,1307.07
O00552,P0019,Books,1,278.79,278.79
O00553,P0020,Electronics,2,400.86,801.72
O00553,P0074,Beauty,1,353.34,353.34
O00553,P0020,Beauty,1,151.91,151.91
O00554,P0074,Beauty,1,147.57,147.57
O00554,P0003,Beauty,3,259.9,779.7
O00554,P0049,Beauty,2,118.47,236.94
O00555,P0003,Beauty,2,93.22,186.44
O00556,P0105,Electronics,2,114.12,228.24
O00556,P0119,Books,1,292.64,292.64
O00556,P0158,Books,2,251.91,503.82
O00557,P0048,Fashion,2,237.68,475.36
O00557,P0059,Sports,1,411.62,411.62
O00558,P0127,Sports,2,166.44,332.88
O00559,P0132,Books,1,80.58,80.58
O00559,P0013,Electronics,1,33.99,33.99
O00560,P0056,Sports,1,127.64,127.64
O00561,P0120,Fashion,2,496.07,992.14
O00561,P0165,Electronics,2,141.48,282.96
O00562,P0098,Sports,2,86.63,173.26
O00563,P0129,Toys,2,68.97,137.94
O00564,P0168,Beauty,1,37.3,37.3
O00565,P0171,Fashion,3,203.54,610.62
O00565,P0152,Home,3,356.3,1068.9
O00565,P0115,Fashion,2,252.32,504.64
O00566,P0008,Home,2,100.34,200.68
O00566,P0160,Books,3,94.31,282.93
O00567,P0119,Home,2,91.76,183.52
O00568,P0148,Fashion,1,38.5,38.5
O00568,P0005,Toys,1,79.99,79.99
O00568,P0100,Fashion,2,172.99,345.98
O00569,P0011,Beauty,3,314.3,942.9
O00569,P0067,Fashion,3,320.39,961.17
O00570,P0086,Home,1,361.32,361.32
O00571,P0164,Beauty,3,119.81,359.43
O00571,P0176,Home,2,445.85,891.7
O00572,P0089,Fashion,3,65.37,196.11
O00573,P0109,Fashion,2,118.78,237.56
O00574,P0154,Toys,2,238.79,477.58
O00575,P0113,Electronics,1,144.36,144.36
O00576,P0151,Fashion,2,20.41,40.82
O00576,P0151,Electronics,2,69.41,138.82
O00576,P0075,Home,2,135.88,271.76
O00577,P0070,Electronics,1,230.37,230.37
O00578,P0135,Home,1,132.15,132.15
O00579,P0098,Sports,2,205.02,410.04
O00579,P0083,Home,3,224.47,673.41
O00580,P0165,Books,3,114.44,343.32
O00580,P0060,Electronics,2,90.59,181.18
O00581,P0011,Sports,1,66.44,66.44
O00581,P0065,Home,1,223.61,223.61
O00582,P0139,Fashion,2,209.08,418.16
O00582,P0004,Fashion,1,108.55,108.55
O00583,P0163,Fashion,2,134.4,268.8
O00584,P0143,Electronics,2,181.21,362.42
O00584,P0161,Beauty,3,194.07,582.21
O00585,P0107,Toys,1,347.3,347.3
O00585,P0057,Sports,2,102.83,205.66
O00585,P0065,Fashion,2,73.29,146.58
O00586,P0008,Electronics,3,119.82,359.46
O00586,P0084,Toys,3,173.47,520.41
O00587,P0069,Sports,2,134.03,268.06
O00587,P0037,Electronics,2,95.59,191.18
O00587,P0069,Home,1,69.6,69.6
O00588,P0011,Books,1,482.33,482.33
O00588,P0018,Fashion,2,145.09,290.18
O00589,P0044,Sports,3,134.53,403.59
O00589,P0128,Books,1,400.71,400.71
O00590,P0100,Fashion,1,136.99,136.99
O00590,P0021,Fashion,3,102.09,306.27
O00591,P0057,Books,1,115.51,115.51
O00591,P0068,Home,3,58.25,174.75
O00591,P0137,Fashion,3,118.49,355.47
O00592,P0153,Sports,3,242.52,727.56
O00593,P0015,Electronics,1,99.79,99.79
O00593,P0090,Electronics,3,97.98,293.94
O00593,P0105,Beauty,1,158.74,158.74
O00594,P0066,Books,1,263.38,263.38
O00595,P0083,Home,3,69.01,207.03
O00595,P0100,Sports,2,388.56,777.12
O00595,P0131,Books,1,314.24,314.24
O00596,P0105,Books,3,821.29,2463.87
O00597,P0049,Electronics,1,89.72,89.72
O00598,P0043,Books,1,261.97,261.97
O00598,P0161,Sports,3,78.44,235.32
O00598,P0018,Sports,3,64.81,194.43
O00599,P0141,Home,2,94.66,189.32
O00600,P0105,Beauty,1,112.34,112.34
O00600,P0179,Sports,2,513.35,1026.7
O00601,P0073,Electronics,2,56.32,112.64
O00601,P0143,Beauty,1,44.46,44.46
O00602,P0040,Home,1,422.13,422.13
O00603,P0067,Home,1,201.8,201.8
O00604,P0055,Electronics,1,104.72,104.72
O00605,P0086,Books,2,107.12,214.24
O00606,P0068,Fashion,2,85.65,171.3
O00606,P0063,Home,1,58.7,58.7
O00606,P0169,Home,1,148.31,148.31
O00607,P0174,Home,1,260.07,260.07
O00607,P0117,Fashion,3,341.51,1024.53
O00607,P0131,Toys,2,85.85,171.7
O00608,P0126,Beauty,3,109.26,327.78
O00608,P0113,Beauty,2,38.93,77.86
O00608,P0175,Home,2,325.49,650.98
O00609,P0019,Home,1,204.77,204.77
O00609,P0003,Toys,2,322.82,645.64
O00609,P0074,Electronics,2,44.31,88.62
O00610,P0151,Electronics,2,117.71,235.42
O00610,P0147,Beauty,2,225.21,450.42
O00610,P0145,Toys,3,300.56,901.68
O00611,P0043,Books,2,56.94,113.88
O00611,P0133,Home,2,86.08,172.16
O00612,P0063,Home,3,135.92,407.76
O00612,P0126,Books,2,119.72,239.44
O00612,P0142,Books,1,146.81,146.81
O00613,P0060,Beauty,2,134.19,268.38
O00613,P0093,Toys,1,141.91,141.91
O00614,P0126,Beauty,1,63.66,63.66
O00615,P0049,Books,3,275.52,826.56
O00615,P0127,Home,1,120.27,120.27
O00616,P0013,Toys,2,95.32,190.64
O00616,P0169,Fashion,1,511.78,511.78
O00616,P0107,Toys,1,213.31,213.31
O00617,P0130,Toys,3,123.37,370.11
O00617,P0150,Toys,3,86.57,259.71
O00618,P0069,Home,2,441.34,882.68
O00618,P0129,Home,2,145.17,290.34
O00618,P0174,Fashion,2,114.88,229.76
O00619,P0053,Electronics,2,94.43,188.86
O00620,P0079,Electronics,1,249.91,249.91
O00620,P0102,Beauty,3,190.37,571.11
O00621,P0107,Sports,2,104.48,208.96
O00621,P0160,Electronics,2,194.24,388.48
O00622,P0053,Fashion,1,106.27,106.27
O00622,P0147,Toys,3,136.15,408.45
O00622,P0001,Books,1,108.13,108.13
O00623,P0103,Beauty,3,255.84,767.52
O00623,P0057,Toys,3,189.56,568.68
O00624,P0010,Home,3,69.95,209.85
O00624,P0167,Home,1,101.69,101.69
O00625,P0045,Fashion,1,96.4,96.4
O00626,P0156,Sports,3,766.64,2299.92
O00626,P0155,Fashion,3,179.68,539.04
O00626,P0016,Toys,3,24.77,74.31
O00627,P0001,Toys,2,125.76,251.52
O00627,P0146,Home,3,282.67,848.01
O00628,P0095,Fashion,2,149.92,299.84
O00629,P0001,Electronics,2,390.8,781.6
O00630,P0174,Fashion,3,85.35,256.05
O00630,P0094,Home,2,117.99,235.98
O00630,P0177,Fashion,2,120.37,240.74
O00631,P0087,Books,3,361.66,1084.98
O00631,P0049,Books,1,120.13,120.13
O00631,P0110,Toys,2,146.6,293.2
O00632,P0041,Beauty,2,149.6,299.2
O00632,P0096,Beauty,1,711.7,711.7
O00632,P0019,Sports,1,147.29,147.29
O00633,P0166,Home,1,156.56,156.56
O00633,P0073,Home,2,98.49,196.98
O00633,P0173,Toys,1,234.11,234.11
O00634,P0059,Electronics,1,137.95,137.95
O00634,P0176,Toys,2,134.92,269.84
O00634,P0067,Toys,2,252.61,505.22
O00635,P0069,Electronics,1,148.52,148.52
O00635,P0170,Books,3,126.27,378.81
O00636,P0156,Home,2,126.81,253.62
O00637,P0069,Electronics,1,72.14,72.14
O00638,P0094,Toys,3,71.11,213.33
O00639,P0017,Books,2,286.85,573.7
O00639,P0055,Electronics,2,81.85,163.7
O00640,P0083,Sports,2,63.91,127.82
O00640,P0072,Home,1,70.33,70.33
O00641,P0046,Sports,3,205.69,617.07
O00642,P0168,Books,3,72.37,217.11
O00642,P0134,Beauty,1,154.01,154.01
O00643,P0059,Electronics,3,98.0,294.0
O00644,P0150,Fashion,2,47.43,94.86
O00644,P0007,Beauty,3,110.83,332.49
O00645,P0015,Beauty,2,396.54,793.08
O00645,P0061,Sports,3,129.0,387.0
O00646,P0012,Sports,3,74.77,224.31
O00647,P0115,Toys,3,87.36,262.08
O00648,P0027,Toys,2,262.2,524.4
O00648,P0126,Books,3,406.98,1220.94
O00649,P0107,Toys,2,101.15,202.3
O00650,P0159,Beauty,2,82.97,165.94
O00650,P0072,Books,3,100.22,300.66
O00651,P0156,Beauty,2,343.67,687.34
O00652,P0057,Sports,3,390.63,1171.89
O00653,P0055,Toys,2,542.18,1084.36
O00653,P0168,Home,2,128.55,257.1
O00654,P0083,Books,2,229.26,458.52
O00654,P0042,Beauty,2,129.83,259.66
O00654,P0108,Electronics,3,127.19,381.57
O00655,P0072,Home,3,183.13,549.39
O00655,P0130,Beauty,2,62.23,124.46
O00656,P0131,Electronics,2,171.82,343.64
O00656,P0015,Sports,2,121.26,242.52
O00657,P0163,Sports,3,219.71,659.13
O00658,P0155,Toys,3,49.01,147.03
O00659,P0178,Books,1,108.54,108.54
O00659,P0103,Electronics,1,69.3,69.3
O00660,P0075,Electronics,1,249.19,249.19
O00660,P0088,Fashion,3,102.57,307.71
O00660,P0091,Beauty,1,122.22,122.22
O00661,P0117,Sports,1,316.62,316.62
O00661,P0065,Home,2,156.53,313.06
O00662,P0106,Electronics,3,79.56,238.68
O00662,P0079,Electronics,3,128.32,384.96
O00662,P0041,Home,3,48.25,144.75
O00663,P0115,Electronics,2,131.24,262.48
O00664,P0063,Fashion,1,112.09,112.09
O00665,P0012,Fashion,1,93.4,93.4
O00665,P0172,Books,1,208.88,208.88
O00666,P0127,Sports,1,161.87,161.87
O00667,P0002,Fashion,3,253.95,761.85
O00667,P0179,Electronics,3,366.36,1099.08
O00667,P0008,Toys,1,123.52,123.52
O00668,P0093,Toys,2,481.17,962.34
O00669,P0108,Fashion,3,107.58,322.74
O00669,P0163,Books,3,83.6,250.8
O00669,P0050,Beauty,3,60.04,180.12
O00670,P0036,Beauty,2,32.9,65.8
O00671,P0119,Books,2,163.82,327.64
O00671,P0043,Electronics,1,179.78,179.78
O00672,P0172,Electronics,1,509.09,509.09
O00672,P0036,Books,3,587.13,1761.39
O00672,P0105,Sports,2,923.13,1846.26
O00673,P0148,Fashion,2,151.22,302.44
O00673,P0102,Home,3,91.66,274.98
O00673,P0120,Sports,1,448.23,448.23
O00674,P0026,Toys,2,32.63,65.26
O00675,P0175,Books,1,173.56,173.56
O00676,P0053,Sports,2,153.57,307.14
O00676,P0097,Books,3,30.11,90.33
O00677,P0163,Toys,2,78.36,156.72
O00678,P0159,Fashion,3,307.17,921.51
O00678,P0038,Home,3,272.5,817.5
O00678,P0010,Toys,1,91.36,91.36
O00679,P0164,Books,2,144.1,288.2
O00680,P0165,Electronics,2,265.68,531.36
O00680,P0152,Books,1,353.47,353.47
O00681,P0064,Books,3,131.7,395.1
O00682,P0029,Sports,2,58.52,117.04
O00682,P0029,Sports,3,305.54,916.62
O00683,P0164,Electronics,1,198.92,198.92
O00684,P0103,Toys,1,219.84,219.84
O00684,P0037,Beauty,1,335.88,335.88
O00684,P0026,Fashion,3,52.15,156.45
O00685,P0123,Home,2,66.61,133.22
O00685,P0072,Books,1,227.04,227.04
O00686,P0021,Toys,2,189.81,379.62
O00687,P0144,Fashion,2,112.84,225.68
O00687,P0141,Sports,3,86.52,259.56
O00687,P0042,Electronics,1,164.61,164.61
O00688,P0130,Books,1,116.05,116.05
O00688,P0031,Sports,2,86.53,173.06
O00689,P0083,Books,1,199.28,199.28
O00689,P0131,Home,1,78.49,78.49
O00689,P0167,Sports,3,128.04,384.12
O00690,P0174,Electronics,1,220.63,220.63
O00690,P0114,Electronics,2,108.73,217.46
O00690,P0159,Fashion,1,346.0,346.0
O00691,P0070,Toys,2,269.17,538.34
O00691,P0174,Fashion,3,163.38,490.14
O00692,P0023,Fashion,1,173.27,173.27
O00693,P0043,Home,1,150.64,150.64
O00693,P0097,Home,3,236.08,708.24
O00694,P0048,Electronics,2,519.83,1039.66
O00694,P0112,Beauty,1,116.77,116.77
O00695,P0021,Fashion,3,391.6,1174.8
O00695,P0127,Beauty,3,137.65,412.95
O00696,P0118,Books,1,129.91,129.91
O00697,P0161,Electronics,3,177.08,531.24
O00697,P0027,Home,3,96.22,288.66
O00698,P0079,Toys,1,99.41,99.41
O00698,P0054,Home,2,70.07,140.14
O00698,P0013,Sports,3,90.99,272.97
O00699,P0012,Home,2,130.1,260.2
O00700,P0073,Electronics,3,268.46,805.38
O00700,P0068,Books,2,216.21,432.42
O00700,P0095,Home,3,83.89,251.67
O00701,P0139,Home,3,91.35,274.05
O00702,P0164,Beauty,1,67.37,67.37
O00702,P0039,Beauty,1,110.96,110.96
O00703,P0161,Fashion,3,49.67,149.01
O00703,P0109,Toys,2,80.42,160.84
O00703,P0097,Electronics,3,161.91,485.73
O00704,P0093,Beauty,3,222.25,666.75
O00705,P0172,Sports,1,160.76,160.76
O00705,P0094,Beauty,2,77.01,154.02
O00706,P0131,Home,3,312.24,936.72
O00706,P0118,Electronics,2,92.35,184.7
O00706,P0021,Toys,3,476.58,1429.74
O00707,P0028,Home,2,121.17,242.34
O00707,P0051,Books,1,76.74,76.74
O00707,P0088,Beauty,2,67.69,135.38
O00708,P0056,Books,3,200.11,600.33
O00708,P0150,Books,3,104.49,313.47
O00708,P0115,Home,2,75.48,150.96
O00709,P0179,Home,1,119.8,119.8
O00709,P0041,Electronics,1,89.7,89.7
O00709,P0132,Sports,3,156.17,468.51
O00710,P0129,Home,3,110.59,331.77
O00710,P0115,Electronics,3,199.3,597.9
O00710,P0061,Fashion,2,97.31,194.62
O00711,P0048,Electronics,1,206.48,206.48
O00711,P0172,Beauty,3,237.58,712.74
O00712,P0145,Sports,2,72.84,145.68
O00712,P0098,Fashion,1,124.3,124.3
O00713,P0106,Toys,2,76.45,152.9
O00714,P0123,Beauty,3,152.92,458.76
O00714,P0140,Beauty,3,217.19,651.57
O00715,P0146,Electronics,3,97.09,291.27
O00715,P0068,Electronics,2,81.81,163.62
O00716,P0079,Beauty,2,81.44,162.88
O00716,P0163,Fashion,2,126.79,253.58
O00717,P0138,Electronics,1,156.0,156.0
O00717,P0071,Beauty,1,100.62,100.62
O00718,P0023,Home,1,109.16,109.16
O00718,P0179,Beauty,2,41.67,83.34
O00718,P0003,Toys,3,89.0,267.0
O00719,P0130,Fashion,3,464.26,1392.78
O00719,P0005,Home,2,167.96,335.92
O00719,P0103,Beauty,2,63.39,126.78
O00720,P0114,Sports,2,122.22,244.44
O00720,P0152,Sports,3,67.38,202.14
O00721,P0108,Books,1,373.65,373.65
O00721,P0121,Books,2,108.09,216.18
O00722,P0009,Toys,3,155.27,465.81
O00722,P0065,Books,3,114.94,344.82
O00723,P0063,Home,2,378.13,756.26
O00724,P0034,Home,1,105.69,105.69
O00724,P0124,Sports,1,236.74,236.74
O00725,P0126,Home,2,219.06,438.12
O00725,P0071,Books,1,365.31,365.31
O00725,P0131,Toys,1,229.18,229.18
O00726,P0020,Home,2,33.56,67.12
O00726,P0170,Books,2,170.8,341.6
O00727,P0175,Fashion,1,115.27,115.27
O00727,P0085,Fashion,2,100.02,200.04
O00728,P0121,Home,1,352.42,352.42
O00729,P0120,Electronics,3,109.02,327.06
O00730,P0157,Toys,1,233.57,233.57
O00730,P0058,Books,2,226.87,453.74
O00731,P0164,Home,3,128.57,385.71
O00731,P0010,Fashion,1,40.02,40.02
O00731,P0159,Toys,3,124.02,372.06
O00732,P0163,Electronics,1,156.84,156.84
O00733,P0171,Books,1,132.54,132.54
O00733,P0003,Home,1,55.62,55.62
O00733,P0162,Books,2,62.49,124.98
O00734,P0066,Home,3,193.91,581.73
O00735,P0029,Toys,2,26.88,53.76
O00736,P0068,Home,3,86.93,260.79
O00736,P0133,Books,1,438.34,438.34
O00736,P0067,Books,1,78.43,78.43
O00737,P0146,Beauty,1,39.5,39.5
O00737,P0119,Electronics,2,175.68,351.36
O00737,P0073,Electronics,2,78.4,156.8
O00738,P0177,Home,1,43.59,43.59
O00738,P0078,Toys,2,87.65,175.3
O00739,P0026,Home,3,172.43,517.29
O00740,P0077,Sports,1,170.76,170.76
O00740,P0120,Electronics,1,53.92,53.92
O00741,P0145,Electronics,3,132.08,396.24
O00741,P0033,Sports,1,382.16,382.16
O00742,P0058,Sports,3,74.71,224.13
O00742,P0025,Toys,3,315.82,947.46
O00742,P0031,Toys,2,337.48,674.96
O00743,P0069,Sports,3,214.31,642.93
O00743,P0126,Toys,2,137.46,274.92
O00744,P0021,Books,2,355.38,710.76
O00744,P0141,Toys,1,28.91,28.91
O00744,P0067,Home,2,253.24,506.48
O00745,P0059,Books,1,188.09,188.09
O00746,P0046,Fashion,1,94.59,94.59
O00746,P0176,Electronics,1,133.22,133.22
O00746,P0147,Sports,3,84.83,254.49
O00747,P0008,Fashion,3,202.68,608.04
O00748,P0143,Toys,1,164.72,164.72
O00749,P0099,Sports,2,193.15,386.3
O00749,P0162,Books,2,349.7,699.4
O00749,P0027,Books,2,72.52,145.04
O00750,P0066,Electronics,2,99.31,198.62
O00750,P0096,Toys,2,161.18,322.36
O00751,P0109,Electronics,1,188.07,188.07
O00752,P0049,Beauty,2,128.1,256.2
O00752,P0164,Fashion,1,58.41,58.41
O00753,P0120,Fashion,2,40.71,81.42
O00753,P0142,Home,2,122.81,245.62
O00753,P0090,Electronics,3,103.6,310.8
O00754,P0066,Home,2,32.44,64.88
O00754,P0092,Electronics,1,96.84,96.84
O00754,P0045,Electronics,2,89.25,178.5
O00755,P0149,Beauty,3,87.87,263.61
O00755,P0172,Beauty,1,63.46,63.46
O00756,P0166,Books,2,290.71,581.42
O00757,P0035,Beauty,2,131.56,263.12
O00758,P0061,Books,2,23.41,46.82
O00758,P0140,Sports,2,200.7,401.4
O00759,P0049,Sports,1,421.07,421.07
O00759,P0040,Sports,1,225.03,225.03
O00760,P0077,Beauty,3,93.95,281.85
O00760,P0011,Fashion,1,439.95,439.95
O00760,P0171,Electronics,2,1315.13,2630.26
O00761,P0166,Books,1,129.39,129.39
O00761,P0118,Sports,3,112.49,337.47
O00761,P0111,Beauty,2,55.96,111.92
O00762,P0099,Sports,3,126.74,380.22
O00763,P0007,Fashion,2,180.0,360.0
O00764,P0106,Sports,2,237.26,474.52
O00764,P0141,Books,1,166.32,166.32
O00765,P0116,Home,3,106.22,318.66
O00765,P0080,Sports,1,96.86,96.86
O00766,P0106,Sports,1,105.16,105.16
O00766,P0163,Books,1,94.06,94.06
O00766,P0052,Electronics,1,218.78,218.78
O00767,P0132,Toys,2,100.41,200.82
O00767,P0051,Fashion,3,146.95,440.85
O00768,P0131,Home,3,146.1,438.3
O00768,P0169,Books,2,317.31,634.62
O00769,P0142,Home,1,42.49,42.49
O00769,P0123,Toys,1,107.71,107.71
O00770,P0157,Books,2,64.74,129.48
O00770,P0014,Sports,1,331.05,331.05
O00771,P0164,Beauty,1,143.83,143.83
O00772,P0082,Books,2,69.55,139.1
O00773,P0177,Beauty,3,177.32,531.96
O00773,P0090,Sports,1,269.36,269.36
O00773,P0155,Books,1,250.3,250.3
O00774,P0160,Toys,3,541.03,1623.09
O00775,P0174,Beauty,2,111.77,223.54
O00776,P0125,Fashion,3,50.33,150.99
O00776,P0123,Fashion,3,375.68,1127.04
O00777,P0170,Toys,1,388.11,388.11
O00777,P0155,Books,1,132.14,132.14
O00777,P0045,Sports,2,82.9,165.8
O00778,P0100,Electronics,1,45.56,45.56
O00778,P0122,Fashion,2,304.8,609.6
O00779,P0167,Electronics,2,105.93,211.86
O00779,P0177,Books,2,143.96,287.92
O00779,P0079,Beauty,1,111.37,111.37
O00780,P0029,Toys,3,270.85,812.55
O00780,P0017,Electronics,2,83.38,166.76
O00781,P0061,Beauty,2,31.77,63.54
O00781,P0061,Sports,1,39.7,39.7
O00781,P0157,Electronics,3,50.88,152.64
O00782,P0108,Books,2,231.19,462.38
O00783,P0091,Toys,1,111.15,111.15
O00784,P0126,Beauty,1,85.42,85.42
O00785,P0105,Toys,1,80.74,80.74
O00785,P0143,Sports,2,135.24,270.48
O00786,P0133,Sports,1,665.09,665.09
O00787,P0156,Home,3,306.51,919.53
O00788,P0056,Home,1,60.47,60.47
O00788,P0106,Books,3,95.74,287.22
O00788,P0178,Home,3,121.39,364.17
O00789,P0083,Fashion,1,40.24,40.24
O00789,P0117,Home,1,51.23,51.23
O00789,P0096,Toys,3,177.61,532.83
O00790,P0019,Electronics,1,106.8,106.8
O00791,P0118,Electronics,3,263.12,789.36
O00791,P0040,Beauty,2,96.95,193.9
O00791,P0015,Fashion,3,234.5,703.5
O00792,P0125,Beauty,3,27.25,81.75
O00792,P0118,Fashion,3,158.18,474.54
O00793,P0172,Toys,3,65.78,197.34
O00793,P0126,Books,1,100.02,100.02
O00794,P0090,Toys,3,90.87,272.61
O00794,P0111,Toys,2,66.02,132.04
O00794,P0029,Electronics,3,137.8,413.4
O00795,P0125,Electronics,3,167.24,501.72
O00795,P0162,Sports,3,34.94,104.82
O00795,P0097,Home,3,127.45,382.35
O00796,P0103,Books,3,69.48,208.44
O00796,P0146,Toys,3,135.63,406.89
O00796,P0015,Beauty,2,426.13,852.26
O00797,P0040,Home,1,109.34,109.34
O00798,P0014,Fashion,3,97.61,292.83
O00799,P0047,Books,1,201.9,201.9
O00799,P0039,Sports,1,126.62,126.62
O00799,P0016,Books,1,59.81,59.81
O00800,P0091,Books,1,169.08,169.08
O00800,P0167,Home,3,147.05,441.15
O00800,P0081,Toys,2,214.37,428.74
O00801,P0051,Toys,2,38.27,76.54
O00801,P0150,Sports,2,76.16,152.32
O00801,P0077,Beauty,3,400.27,1200.81
O00802,P0127,Home,1,53.99,53.99
O00802,P0124,Toys,1,142.32,142.32
O00803,P0146,Books,1,125.32,125.32
O00803,P0146,Home,2,68.29,136.58
O00803,P0115,Beauty,2,69.75,139.5
O00804,P0003,Beauty,3,178.99,536.97
O00805,P0151,Fashion,3,125.91,377.73
O00805,P0071,Fashion,3,127.23,381.69
O00805,P0161,Fashion,1,117.42,117.42
O00806,P0138,Sports,2,50.15,100.3
O00806,P0119,Toys,1,336.99,336.99
O00806,P0154,Beauty,2,99.09,198.18
O00807,P0017,Electronics,1,79.13,79.13
O00807,P0022,Electronics,3,220.0,660.0
O00808,P0036,Beauty,1,56.61,56.61
O00808,P0101,Home,3,270.92,812.76
O00809,P0005,Sports,2,160.78,321.56
O00809,P0074,Fashion,3,77.2,231.6
O00809,P0151,Beauty,2,244.8,489.6
O00810,P0129,Home,2,233.72,467.44
O00810,P0040,Home,3,393.46,1180.38
O00811,P0032,Books,1,165.28,165.28
O00811,P0112,Books,2,70.56,141.12
O00812,P0170,Home,1,129.89,129.89
O00813,P0088,Sports,3,631.79,1895.37
O00813,P0060,Toys,2,218.51,437.02
O00814,P0124,Electronics,2,59.24,118.48
O00814,P0058,Fashion,3,179.79,539.37
O00814,P0139,Fashion,1,27.93,27.93
O00815,P0039,Sports,2,282.21,564.42
O00816,P0107,Sports,1,195.75,195.75
O00816,P0167,Sports,2,224.4,448.8
O00817,P0176,Electronics,1,653.76,653.76
O00818,P0071,Electronics,3,88.27,264.81
O00818,P0135,Books,3,125.98,377.94
O00819,P0007,Books,3,71.61,214.83
O00819,P0128,Fashion,3,115.33,345.99
O00819,P0028,Beauty,3,132.18,396.54
O00820,P0079,Toys,2,142.36,284.72
O00821,P0080,Electronics,1,145.92,145.92
O00821,P0176,Home,1,147.68,147.68
O00822,P0041,Electronics,3,213.34,640.02
O00822,P0018,Fashion,2,98.9,197.8
O00823,P0093,Toys,1,430.38,430.38
O00823,P0038,Books,2,52.81,105.62
O00823,P0117,Books,2,56.38,112.76
O00824,P0160,Toys,1,106.08,106.08
O00824,P0083,Beauty,2,97.7,195.4
O00824,P0133,Home,1,58.82,58.82
O00825,P0079,Home,1,618.4,618.4
O00826,P0150,Fashion,3,316.57,949.71
O00827,P0142,Beauty,2,249.37,498.74
O00827,P0135,Home,2,55.29,110.58
O00828,P0005,Sports,2,225.15,450.3
O00828,P0035,Books,1,45.42,45.42
O00828,P0053,Books,2,106.21,212.42
O00829,P0131,Toys,1,223.28,223.28
O00830,P0105,Sports,1,324.01,324.01
O00831,P0130,Electronics,2,115.98,231.96
O00831,P0167,Books,2,85.94,171.88
O00832,P0008,Electronics,1,101.87,101.87
O00832,P0126,Beauty,3,278.31,834.93
O00832,P0167,Books,2,88.82,177.64
O00833,P0034,Sports,3,224.81,674.43
O00833,P0076,Electronics,1,139.38,139.38
O00833,P0079,Sports,2,170.78,341.56
O00834,P0054,Beauty,1,225.75,225.75
O00835,P0136,Books,1,363.01,363.01
O00835,P0046,Toys,3,469.1,1407.3
O00836,P0017,Books,3,112.56,337.68
O00837,P0103,Fashion,3,187.6,562.8
O00837,P0057,Toys,3,31.98,95.94
O00838,P0136,Beauty,3,69.08,207.24
O00839,P0102,Fashion,2,130.62,261.24
O00840,P0165,Electronics,1,452.39,452.39
O00841,P0099,Toys,3,123.06,369.18
O00841,P0071,Sports,1,448.16,448.16
O00842,P0107,Beauty,1,96.73,96.73
O00842,P0174,Toys,2,70.25,140.5
O00842,P0103,Sports,1,149.18,149.18
O00843,P0046,Toys,3,164.42,493.26
O00843,P0041,Home,3,139.35,418.05
O00844,P0174,Electronics,2,94.56,189.12
O00844,P0112,Electronics,2,185.23,370.46
O00845,P0153,Home,3,104.17,312.51
O00845,P0152,Toys,1,199.97,199.97
O00845,P0112,Sports,3,187.45,562.35
O00846,P0037,Electronics,3,347.61,1042.83
O00847,P0047,Books,3,40.25,120.75
O00848,P0067,Sports,3,130.26,390.78
O00848,P0151,Books,2,45.26,90.52
O00849,P0025,Toys,3,81.88,245.64
O00850,P0042,Beauty,3,331.77,995.31
O00850,P0153,Beauty,3,86.4,259.2
O00850,P0142,Sports,2,250.2,500.4
O00851,P0061,Electronics,1,228.18,228.18
O00851,P0048,Electronics,1,281.66,281.66
O00851,P0029,Beauty,1,214.61,214.61
O00852,P0027,Beauty,3,171.19,513.57
O00853,P0055,Books,1,135.38,135.38
O00853,P0020,Toys,1,180.13,180.13
O00854,P0120,Sports,2,162.24,324.48
O00854,P0006,Toys,2,102.98,205.96
O00854,P0066,Home,1,19.53,19.53
O00855,P0028,Sports,2,299.5,599.0
O00855,P0007,Home,1,172.53,172.53
O00855,P0025,Sports,1,118.99,118.99
O00856,P0124,Sports,1,359.4,359.4
O00856,P0109,Beauty,1,111.53,111.53
O00856,P0102,Fashion,1,169.94,169.94
O00857,P0149,Electronics,3,217.18,651.54
O00857,P0104,Toys,3,199.93,599.79
O00858,P0119,Sports,3,389.64,1168.92
O00858,P0088,Electronics,3,243.71,731.13
O00859,P0130,Toys,3,663.66,1990.98
O00860,P0076,Sports,3,399.2,1197.6
O00861,P0058,Fashion,3,88.85,266.55
O00861,P0079,Electronics,2,64.26,128.52
O00861,P0019,Books,2,141.75,283.5
O00862,P0164,Home,2,204.37,408.74
O00863,P0083,Sports,1,2485.12,2485.12
O00863,P0142,Electronics,1,59.83,59.83
O00864,P0168,Home,3,102.08,306.24
O00864,P0127,Beauty,3,515.23,1545.69
O00864,P0104,Fashion,2,63.7,127.4
O00865,P0082,Books,3,44.32,132.96
O00865,P0067,Home,2,304.29,608.58
O00865,P0054,Electronics,3,137.37,412.11
O00866,P0177,Beauty,1,82.89,82.89
O00867,P0017,Toys,2,216.9,433.8
O00867,P0077,Toys,3,57.59,172.77
O00868,P0012,Sports,3,283.08,849.24
O00869,P0039,Sports,3,384.72,1154.16
O00869,P0118,Sports,3,374.04,1122.12
O00869,P0035,Home,1,91.7,91.7
O00870,P0105,Beauty,3,59.95,179.85
O00870,P0054,Sports,1,233.82,233.82
O00871,P0074,Sports,1,203.98,203.98
O00871,P0102,Electronics,1,221.05,221.05
O00872,P0149,Beauty,2,294.7,589.4
O00872,P0134,Home,2,144.42,288.84
O00872,P0010,Books,1,202.5,202.5
O00873,P0145,Sports,3,131.12,393.36
O00873,P0115,Sports,1,189.58,189.58
O00873,P0021,Electronics,3,129.6,388.8
O00874,P0031,Books,3,211.66,634.98
O00874,P0077,Electronics,3,449.99,1349.97
O00874,P0176,Toys,3,243.34,730.02
O00875,P0060,Electronics,2,145.17,290.34
O00876,P0099,Beauty,2,111.26,222.52
O00877,P0114,Fashion,1,118.11,118.11
O00878,P0150,Electronics,1,62.4,62.4
O00878,P0120,Fashion,2,129.43,258.86
O00879,P0151,Electronics,2,47.97,95.94
O00880,P0024,Toys,1,135.97,135.97
O00880,P0077,Books,2,508.08,1016.16
O00881,P0078,Electronics,1,170.72,170.72
O00881,P0075,Home,2,219.89,439.78
O00882,P0129,Sports,2,95.41,190.82
O00883,P0078,Fashion,3,72.0,216.0
O00883,P0106,Fashion,3,192.03,576.09
O00883,P0175,Sports,3,83.63,250.89
O00884,P0155,Toys,1,67.59,67.59
O00885,P0026,Fashion,3,360.78,1082.34
O00885,P0053,Electronics,2,133.46,266.92
O00885,P0118,Toys,1,60.2,60.2
O00886,P0011,Home,3,68.72,206.16
O00886,P0151,Fashion,1,214.34,214.34
O00886,P0027,Electronics,2,78.84,157.68
O00887,P0101,Beauty,2,110.54,221.08
O00888,P0032,Home,3,92.68,278.04
O00888,P0158,Fashion,2,203.68,407.36
O00889,P0141,Beauty,2,156.78,313.56
O00889,P0074,Toys,2,110.12,220.24
O00890,P0122,Electronics,1,170.52,170.52
O00891,P0166,Toys,1,196.22,196.22
O00892,P0112,Books,1,111.26,111.26
O00892,P0017,Toys,2,66.97,133.94
O00892,P0091,Beauty,1,92.89,92.89
O00893,P0054,Toys,1,371.73,371.73
O00893,P0099,Home,3,165.46,496.38
O00894,P0118,Electronics,2,169.97,339.94
O00894,P0104,Fashion,3,177.13,531.39
O00894,P0091,Books,1,162.55,162.55
O00895,P0081,Beauty,1,378.47,378.47
O00895,P0142,Home,3,236.66,709.98
O00896,P0092,Sports,1,1019.95,1019.95
O00897,P0145,Sports,2,119.71,239.42
O00897,P0032,Books,3,119.1,357.3
O00898,P0139,Books,2,196.82,393.64
O00898,P0138,Home,3,130.86,392.58
O00898,P0127,Electronics,1,267.34,267.34
O00899,P0073,Home,3,94.11,282.33
O00900,P0095,Home,2,444.1,888.2
O00900,P0009,Fashion,1,226.92,226.92
O00900,P0004,Sports,3,141.03,423.09
O00901,P0108,Electronics,3,109.09,327.27
O00901,P0052,Fashion,3,220.63,661.89
O00901,P0170,Fashion,1,55.82,55.82
O00902,P0095,Sports,1,230.36,230.36
O00902,P0103,Electronics,2,59.98,119.96
O00902,P0167,Beauty,2,283.97,567.94
O00903,P0019,Fashion,1,204.02,204.02
O00904,P0174,Fashion,3,608.37,1825.11
O00904,P0010,Sports,2,134.23,268.46
O00905,P0171,Sports,3,99.92,299.76
O00906,P0077,Home,1,127.34,127.34
O00906,P0167,Home,3,86.27,258.81
O00906,P0146,Home,3,714.73,2144.19
O00907,P0026,Beauty,3,362.43,1087.29
O00908,P0052,Electronics,1,138.75,138.75
O00909,P0095,Fashion,3,327.07,981.21
O00909,P0099,Toys,3,62.95,188.85
O00909,P0061,Books,3,287.6,862.8
O00910,P0103,Books,2,82.22,164.44
O00910,P0027,Electronics,3,175.36,526.08
O00911,P0054,Toys,2,61.11,122.22
O00911,P0079,Beauty,3,491.86,1475.58
O00911,P0045,Fashion,1,522.56,522.56
O00912,P0161,Toys,3,83.37,250.11
O00912,P0036,Sports,2,103.54,207.08
O00913,P0170,Sports,2,99.67,199.34
O00913,P0171,Beauty,2,182.24,364.48
O00914,P0047,Beauty,2,106.69,213.38
O00914,P0082,Books,2,131.93,263.86
O00915,P0054,Home,2,106.78,213.56
O00916,P0087,Home,3,37.64,112.92
O00916,P0088,Toys,2,411.45,822.9
O00917,P0008,Electronics,2,187.21,374.42
O00917,P0040,Home,3,203.15,609.45
O00918,P0149,Books,3,88.38,265.14
O00919,P0155,Fashion,2,208.19,416.38
O00919,P0054,Electronics,1,92.74,92.74
O00920,P0075,Toys,2,254.51,509.02
O00920,P0156,Beauty,1,112.74,112.74
O00920,P0131,Books,1,168.29,168.29
O00921,P0021,Toys,2,46.32,92.64
O00921,P0069,Books,2,257.92,515.84
O00922,P0016,Toys,1,78.23,78.23
O00922,P0036,Books,1,120.03,120.03
O00922,P0147,Home,3,303.81,911.43
O00923,P0046,Electronics,1,114.23,114.23
O00923,P0092,Electronics,1,342.06,342.06
O00923,P0166,Books,2,153.31,306.62
O00924,P0117,Beauty,1,344.2,344.2
O00924,P0097,Beauty,1,172.45,172.45
O00925,P0178,Beauty,2,184.3,368.6
O00926,P0058,Toys,1,68.27,68.27
O00927,P0045,Electronics,1,74.37,74.37
O00927,P0054,Electronics,2,178.51,357.02
O00928,P0075,Home,3,394.27,1182.81
O00928,P0038,Beauty,1,58.59,58.59
O00929,P0101,Sports,1,103.89,103.89
O00930,P0050,Toys,2,122.15,244.3
O00930,P0153,Home,3,99.83,299.49
O00931,P0089,Books,2,102.17,204.34
O00931,P0160,Home,1,57.96,57.96
O00932,P0177,Fashion,2,226.82,453.64
O00933,P0131,Home,2,150.06,300.12
O00934,P0139,Books,3,103.7,311.1
O00934,P0069,Books,3,171.33,513.99
O00934,P0155,Fashion,1,171.1,171.1
O00935,P0140,Sports,2,151.53,303.06
O00936,P0148,Sports,1,170.03,170.03
O00937,P0003,Books,1,362.88,362.88
O00937,P0105,Fashion,1,92.9,92.9
O00938,P0096,Beauty,1,625.03,625.03
O00939,P0040,Fashion,1,111.15,111.15
O00940,P0062,Fashion,1,605.52,605.52
O00940,P0024,Fashion,2,260.78,521.56
O00941,P0063,Books,1,87.58,87.58
O00942,P0141,Home,2,153.68,307.36
O00942,P0125,Home,3,144.59,433.77
O00942,P0011,Home,2,65.3,130.6
O00943,P0144,Electronics,2,96.39,192.78
O00943,P0053,Sports,2,36.96,73.92
O00944,P0157,Toys,2,196.95,393.9
O00944,P0023,Toys,1,78.06,78.06
O00944,P0004,Fashion,2,439.55,879.1
O00945,P0172,Sports,2,839.49,1678.98
O00945,P0097,Sports,3,219.05,657.15
O00946,P0115,Electronics,3,181.75,545.25
O00946,P0120,Beauty,1,99.17,99.17
O00947,P0131,Electronics,3,346.36,1039.08
O00947,P0154,Home,3,270.18,810.54
O00947,P0094,Sports,3,288.15,864.45
O00948,P0038,Sports,2,105.79,211.58
O00948,P0043,Beauty,3,158.76,476.28
O00949,P0071,Beauty,1,176.32,176.32
O00950,P0019,Sports,1,383.92,383.92
O00951,P0072,Sports,3,281.62,844.86
O00952,P0177,Home,3,300.87,902.61
O00952,P0171,Home,2,172.2,344.4
O00953,P0089,Sports,3,161.89,485.67
O00954,P0091,Fashion,3,89.91,269.73
O00955,P0003,Beauty,3,37.44,112.32
O00956,P0103,Toys,2,199.0,398.0
O00957,P0025,Beauty,1,467.63,467.63
O00958,P0077,Electronics,2,182.89,365.78
O00959,P0042,Sports,3,137.08,411.24
O00959,P0134,Books,2,225.83,451.66
O00959,P0086,Fashion,2,30.86,61.72
O00960,P0054,Electronics,2,156.78,313.56
O00960,P0051,Sports,3,134.42,403.26
O00961,P0140,Beauty,2,216.61,433.22
O00962,P0142,Beauty,1,196.61,196.61
O00962,P0179,Sports,3,142.37,427.11
O00963,P0002,Toys,3,524.94,1574.82
O00963,P0057,Fashion,2,116.54,233.08
O00964,P0139,Sports,1,104.34,104.34
O00964,P0016,Electronics,3,158.69,476.07
O00964,P0133,Toys,3,135.23,405.69
O00965,P0130,Fashion,1,150.27,150.27
O00965,P0130,Toys,3,130.14,390.42
O00965,P0100,Fashion,2,68.64,137.28
O00966,P0070,Electronics,3,64.76,194.28
O00967,P0131,Toys,1,168.46,168.46
O00968,P0033,Electronics,1,309.05,309.05
O00969,P0108,Electronics,3,172.72,518.16
O00970,P0145,Beauty,3,88.46,265.38
O00970,P0032,Toys,2,98.63,197.26
O00970,P0027,Beauty,1,210.51,210.51
O00971,P0098,Books,2,219.06,438.12
O00972,P0172,Toys,1,138.37,138.37
O00973,P0039,Sports,2,62.49,124.98
O00974,P0107,Home,2,67.32,134.64
O00974,P0072,Home,1,239.64,239.64
O00975,P0090,Books,2,169.3,338.6
O00975,P0157,Beauty,1,226.63,226.63
O00975,P0070,Home,1,125.42,125.42
O00976,P0009,Books,1,152.22,152.22
O00976,P0130,Beauty,1,157.06,157.06
O00976,P0022,Home,3,136.59,409.77
O00977,P0127,Home,2,233.5,467.0
O00978,P0096,Home,2,173.27,346.54
O00979,P0127,Sports,3,394.52,1183.56
O00980,P0094,Home,1,174.64,174.64
O00981,P0171,Electronics,1,114.33,114.33
O00981,P0034,Electronics,1,76.47,76.47
O00982,P0062,Electronics,3,108.45,325.35
O00982,P0164,Electronics,3,335.83,1007.49
O00982,P0080,Books,3,344.39,1033.17
O00983,P0090,Beauty,1,63.46,63.46
O00984,P0078,Toys,3,97.37,292.11
O00984,P0169,Beauty,1,221.62,221.62
O00985,P0086,Electronics,3,57.87,173.61
O00986,P0014,Electronics,3,158.17,474.51
O00986,P0085,Beauty,2,352.59,705.18
O00987,P0069,Books,3,396.44,1189.32
O00987,P0150,Beauty,2,737.05,1474.1
O00987,P0173,Books,2,118.31,236.62
O00988,P0039,Toys,3,371.54,1114.62
O00988,P0054,Toys,1,64.71,64.71
O00988,P0013,Beauty,1,146.05,146.05
O00989,P0125,Toys,2,124.5,249.0
O00989,P0070,Fashion,1,421.07,421.07
O00989,P0053,Home,1,218.65,218.65
O00990,P0174,Books,1,50.98,50.98
O00990,P0039,Books,2,33.2,66.4
O00991,P0115,Books,2,145.33,290.66
O00991,P0068,Beauty,3,41.4,124.2
O00991,P0117,Electronics,3,91.01,273.03
O00992,P0075,Electronics,1,154.26,154.26
O00993,P0086,Toys,3,91.55,274.65
O00993,P0149,Sports,3,153.22,459.66
O00993,P0137,Home,1,397.29,397.29
O00994,P0130,Sports,1,162.74,162.74
O00995,P0154,Fashion,2,108.87,217.74
O00996,P0090,Books,2,52.06,104.12
O00997,P0163,Toys,3,228.74,686.22
O00997,P0070,Beauty,1,183.11,183.11
O00997,P0149,Home,3,201.72,605.16
O00998,P0148,Toys,2,118.33,236.66
O00998,P0084,Home,1,467.87,467.87
O00998,P0131,Toys,3,116.19,348.57
O00999,P0089,Home,1,301.57,301.57
O01000,P0146,Home,1,390.12,390.12
O01000,P0125,Books,3,333.83,1001.49
O01001,P0123,Home,3,253.91,761.73
O01002,P0175,Beauty,1,116.06,116.06
O01002,P0017,Electronics,3,87.83,263.49
O01002,P0147,Fashion,3,189.74,569.22
O01003,P0163,Fashion,2,554.72,1109.44
O01004,P0094,Beauty,1,508.37,508.37
O01004,P0167,Home,3,61.72,185.16
O01005,P0094,Toys,1,250.51,250.51
O01005,P0159,Electronics,1,122.25,122.25
O01006,P0162,Electronics,2,67.02,134.04
O01006,P0053,Home,2,42.62,85.24
O01007,P0127,Electronics,1,136.69,136.69
O01007,P0056,Home,1,404.18,404.18
O01007,P0016,Electronics,1,162.93,162.93
O01008,P0085,Home,3,214.45,643.35
O01008,P0165,Fashion,1,71.85,71.85
O01009,P0167,Fashion,2,367.54,735.08
O01009,P0035,Home,2,27.14,54.28
O01009,P0154,Fashion,3,415.47,1246.41
O01010,P0142,Electronics,1,64.54,64.54
O01010,P0049,Electronics,1,55.05,55.05
O01010,P0121,Home,3,287.09,861.27
O01011,P0058,Books,1,432.5,432.5
O01011,P0035,Sports,2,66.55,133.1
O01012,P0078,Books,1,394.7,394.7
O01012,P0061,Sports,3,103.07,309.21
O01013,P0022,Toys,3,413.13,1239.39
O01013,P0003,Home,1,136.34,136.34
O01014,P0005,Fashion,1,57.7,57.7
O01014,P0119,Home,3,84.87,254.61
O01015,P0040,Home,3,168.31,504.93
O01015,P0147,Fashion,1,209.62,209.62
O01016,P0049,Toys,2,101.07,202.14
O01017,P0031,Fashion,1,131.0,131.0
O01017,P0131,Toys,2,62.4,124.8
O01018,P0081,Electronics,2,360.87,721.74
O01018,P0122,Toys,3,137.37,412.11
O01018,P0090,Sports,3,650.01,1950.03
O01019,P0152,Beauty,2,220.43,440.86
O01019,P0179,Books,1,298.72,298.72
O01020,P0044,Toys,3,39.97,119.91
O01020,P0063,Beauty,3,50.25,150.75
O01020,P0125,Beauty,3,312.09,936.27
O01021,P0038,Books,2,216.25,432.5
O01021,P0132,Home,1,68.97,68.97
O01022,P0005,Electronics,1,277.5,277.5
O01022,P0146,Books,3,240.62,721.86
O01023,P0109,Fashion,1,120.75,120.75
O01023,P0041,Home,3,276.49,829.47
O01023,P0177,Sports,3,117.9,353.7
O01024,P0011,Electronics,1,47.06,47.06
O01024,P0062,Electronics,1,381.68,381.68
O01025,P0175,Sports,1,141.1,141.1
O01025,P0134,Fashion,2,80.67,161.34
O01026,P0038,Electronics,1,114.71,114.71
O01027,P0002,Books,1,368.27,368.27
O01028,P0039,Electronics,2,271.47,542.94
O01028,P0023,Toys,2,46.07,92.14
O01028,P0050,Beauty,1,306.92,306.92
O01029,P0048,Beauty,3,128.29,384.87
O01029,P0179,Home,3,140.05,420.15
O01030,P0139,Electronics,2,299.75,599.5
O01030,P0112,Home,1,190.88,190.88
O01031,P0041,Sports,2,58.47,116.94
O01031,P0134,Sports,2,65.5,131.0
O01032,P0118,Books,2,154.7,309.4
O01032,P0168,Fashion,2,97.72,195.44
O01033,P0040,Beauty,1,32.86,32.86
O01033,P0044,Beauty,1,191.83,191.83
O01034,P0030,Fashion,2,30.89,61.78
O01035,P0064,Home,1,248.56,248.56
O01035,P0174,Books,1,402.65,402.65
O01035,P0044,Beauty,1,277.94,277.94
O01036,P0069,Books,3,405.88,1217.64
O01036,P0021,Home,1,67.85,67.85
O01036,P0176,Toys,3,66.54,199.62
O01037,P0030,Home,3,208.25,624.75
O01037,P0014,Electronics,3,45.64,136.92
O01037,P0009,Toys,2,72.21,144.42
O01038,P0139,Sports,1,418.89,418.89
O01038,P0167,Home,3,156.04,468.12
O01038,P0107,Sports,3,99.32,297.96
O01039,P0055,Electronics,1,659.92,659.92
O01039,P0020,Sports,2,70.11,140.22
O01039,P0053,Toys,1,89.47,89.47
O01040,P0067,Beauty,3,153.69,461.07
O01040,P0171,Electronics,2,338.35,676.7
O01041,P0042,Beauty,2,54.28,108.56
O01041,P0127,Toys,2,74.15,148.3
O01042,P0038,Electronics,1,351.87,351.87
O01042,P0049,Electronics,2,158.9,317.8
O01042,P0177,Fashion,2,269.84,539.68
O01043,P0153,Electronics,1,88.71,88.71
O01044,P0085,Sports,1,76.85,76.85
O01045,P0157,Beauty,1,107.32,107.32
O01045,P0166,Toys,1,136.51,136.51
O01045,P0108,Home,3,277.12,831.36
O01046,P0009,Electronics,1,309.71,309.71
O01047,P0171,Beauty,2,279.59,559.18
O01048,P0032,Beauty,1,78.65,78.65
O01048,P0109,Toys,2,209.43,418.86
O01048,P0073,Beauty,3,99.14,297.42
O01049,P0156,Sports,1,103.02,103.02
O01050,P0029,Fashion,1,88.56,88.56
O01050,P0131,Toys,2,551.09,1102.18
O01050,P0017,Electronics,2,188.84,377.68
O01051,P0044,Sports,1,45.01,45.01
O01051,P0141,Fashion,2,168.78,337.56
O01051,P0167,Fashion,2,42.49,84.98
O01052,P0041,Books,3,123.35,370.05
O01052,P0164,Fashion,2,143.56,287.12
O01053,P0076,Toys,1,87.18,87.18
O01053,P0140,Home,3,83.16,249.48
O01053,P0026,Beauty,1,57.0,57.0
O01054,P0175,Fashion,1,217.3,217.3
O01054,P0094,Toys,2,207.31,414.62
O01055,P0108,Home,3,80.55,241.65
O01056,P0068,Home,3,198.26,594.78
O01056,P0030,Sports,2,196.06,392.12
O01057,P0001,Books,2,206.27,412.54
O01057,P0010,Sports,1,197.65,197.65
O01058,P0036,Sports,2,225.11,450.22
O01059,P0072,Electronics,1,83.95,83.95
O01059,P0132,Home,3,72.61,217.83
O01060,P0124,Electronics,3,138.05,414.15
O01061,P0031,Electronics,3,213.69,641.07
O01061,P0117,Fashion,1,42.33,42.33
O01061,P0133,Beauty,2,225.23,450.46
O01062,P0102,Fashion,2,157.07,314.14
O01063,P0071,Books,3,130.83,392.49
O01064,P0007,Sports,3,206.36,619.08
O01064,P0016,Home,3,160.4,481.2
O01065,P0103,Toys,2,363.95,727.9
O01065,P0004,Beauty,1,351.9,351.9
O01065,P0031,Sports,1,474.7,474.7
O01066,P0088,Fashion,3,114.22,342.66
O01066,P0134,Fashion,3,70.77,212.31
O01067,P0044,Beauty,3,104.03,312.09
O01067,P0113,Electronics,2,174.79,349.58
O01067,P0023,Beauty,3,114.93,344.79
O01068,P0062,Fashion,3,108.03,324.09
O01069,P0172,Books,3,86.37,259.11
O01069,P0119,Fashion,2,220.79,441.58
O01069,P0139,Books,2,274.1,548.2
O01070,P0128,Home,2,59.69,119.38
O01071,P0119,Electronics,3,120.54,361.62
O01071,P0045,Books,1,467.76,467.76
O01072,P0101,Sports,3,69.68,209.04
O01072,P0115,Fashion,2,75.77,151.54
O01072,P0010,Fashion,1,524.49,524.49
O01073,P0037,Beauty,2,76.73,153.46
O01074,P0025,Beauty,2,108.86,217.72
O01074,P0066,Sports,2,271.64,543.28
O01075,P0137,Books,2,642.55,1285.1
O01076,P0035,Fashion,2,164.82,329.64
O01076,P0136,Beauty,2,111.44,222.88
O01077,P0101,Beauty,1,77.94,77.94
O01077,P0072,Electronics,3,63.4,190.2
O01078,P0026,Fashion,3,110.6,331.8
O01078,P0045,Electronics,1,161.5,161.5
O01079,P0045,Books,1,206.14,206.14
O01079,P0018,Fashion,3,245.07,735.21
O01080,P0007,Beauty,1,88.16,88.16
O01081,P0070,Toys,2,255.64,511.28
O01081,P0049,Beauty,1,105.54,105.54
O01081,P0036,Beauty,1,368.01,368.01
O01082,P0167,Fashion,1,99.91,99.91
O01082,P0120,Toys,2,237.78,475.56
O01082,P0142,Home,1,141.98,141.98
O01083,P0129,Fashion,2,89.6,179.2
O01083,P0058,Toys,2,152.81,305.62
O01083,P0099,Electronics,3,770.1,2310.3
O01084,P0108,Sports,3,142.42,427.26
O01084,P0116,Home,3,144.44,433.32
O01084,P0137,Toys,2,82.3,164.6
O01085,P0028,Toys,2,321.36,642.72
O01085,P0015,Beauty,3,75.55,226.65
O01086,P0020,Sports,2,61.04,122.08
O01087,P0124,Sports,2,42.76,85.52
O01087,P0039,Beauty,2,143.93,287.86
O01087,P0112,Fashion,3,253.42,760.26
O01088,P0130,Home,2,170.69,341.38
O01088,P0043,Fashion,1,67.75,67.75
O01089,P0084,Beauty,1,309.29,309.29
O01090,P0073,Electronics,3,137.04,411.12
O01090,P0025,Sports,3,194.36,583.08
O01091,P0006,Sports,3,152.84,458.52
O01091,P0167,Books,2,111.18,222.36
O01091,P0015,Fashion,1,156.39,156.39
O01092,P0097,Home,2,125.4,250.8
O01092,P0054,Fashion,2,102.33,204.66
O01092,P0064,Fashion,3,231.61,694.83
O01093,P0127,Beauty,1,39.97,39.97
O01093,P0157,Toys,1,677.96,677.96
O01093,P0094,Home,2,243.36,486.72
O01094,P0121,Toys,1,165.63,165.63
O01094,P0092,Beauty,3,165.4,496.2
O01095,P0030,Books,3,38.28,114.84
O01095,P0027,Home,2,80.21,160.42
O01095,P0051,Books,1,67.89,67.89
O01096,P0112,Books,2,93.47,186.94
O01097,P0082,Books,1,86.71,86.71
O01098,P0080,Beauty,2,96.75,193.5
O01098,P0014,Home,1,198.48,198.48
O01098,P0005,Books,2,72.33,144.66
O01099,P0134,Home,2,62.01,124.02
O01099,P0026,Beauty,2,104.17,208.34
O01100,P0014,Beauty,2,1177.75,2355.5
O01100,P0172,Beauty,3,48.43,145.29
O01100,P0145,Electronics,3,378.24,1134.72
O01101,P0095,Toys,1,249.41,249.41
O01101,P0135,Sports,3,168.44,505.32
O01101,P0164,Electronics,1,196.0,196.0
O01102,P0087,Beauty,1,594.0,594.0
O01102,P0123,Sports,1,272.74,272.74
O01103,P0135,Beauty,2,160.15,320.3
O01103,P0071,Sports,3,245.44,736.32
O01104,P0091,Beauty,2,194.39,388.78
O01105,P0066,Books,1,967.91,967.91
O01105,P0158,Books,3,81.14,243.42
O01106,P0028,Fashion,1,75.67,75.67
O01106,P0107,Toys,1,146.6,146.6
O01107,P0132,Electronics,3,102.09,306.27
O01107,P0134,Sports,3,41.9,125.7
O01107,P0041,Home,3,49.5,148.5
O01108,P0119,Toys,2,71.78,143.56
O01108,P0124,Beauty,3,51.27,153.81
O01109,P0057,Home,1,129.36,129.36
O01109,P0053,Sports,3,244.01,732.03
O01109,P0158,Toys,3,118.15,354.45
O01110,P0138,Fashion,1,65.51,65.51
O01110,P0090,Beauty,1,87.23,87.23
O01110,P0009,Sports,1,59.82,59.82
O01111,P0091,Books,3,111.05,333.15
O01111,P0147,Home,2,64.96,129.92
O01111,P0127,Toys,2,85.79,171.58
O01112,P0065,Sports,2,297.37,594.74
O01112,P0150,Fashion,2,138.41,276.82
O01113,P0173,Toys,1,60.65,60.65
O01114,P0156,Fashion,3,175.67,527.01
O01114,P0090,Toys,1,83.29,83.29
O01114,P0072,Fashion,1,204.84,204.84
O01115,P0126,Fashion,1,356.11,356.11
O01116,P0103,Beauty,2,110.4,220.8
O01116,P0162,Electronics,1,464.61,464.61
O01117,P0085,Sports,1,162.22,162.22
O01117,P0018,Home,2,54.4,108.8
O01118,P0034,Electronics,1,55.46,55.46
O01119,P0099,Electronics,3,234.52,703.56
O01119,P0045,Electronics,2,328.31,656.62
O01119,P0040,Electronics,1,123.02,123.02
O01120,P0176,Home,1,899.48,899.48
O01121,P0023,Electronics,1,96.72,96.72
O01122,P0142,Fashion,3,110.68,332.04
O01122,P0090,Electronics,2,75.88,151.76
O01122,P0143,Books,2,65.49,130.98
O01123,P0048,Books,1,41.28,41.28
O01124,P0002,Home,1,241.13,241.13
O01125,P0087,Home,1,314.17,314.17
O01125,P0163,Sports,2,87.48,174.96
O01125,P0045,Electronics,1,532.73,532.73
O01126,P0054,Beauty,3,121.57,364.71
O01126,P0071,Beauty,2,322.01,644.02
O01127,P0116,Home,1,462.09,462.09
O01128,P0050,Books,1,20.48,20.48
O01128,P0069,Home,2,159.29,318.58
O01129,P0144,Home,3,99.22,297.66
O01129,P0177,Toys,3,232.15,696.45
O01130,P0043,Toys,3,140.43,421.29
O01130,P0058,Sports,2,170.53,341.06
O01131,P0079,Toys,2,50.42,100.84
O01132,P0014,Sports,3,127.22,381.66
O01132,P0089,Home,1,136.74,136.74
O01132,P0053,Toys,3,770.18,2310.54
O01133,P0045,Toys,3,95.65,286.95
O01133,P0072,Home,2,100.42,200.84
O01134,P0015,Sports,2,46.86,93.72
O01134,P0140,Beauty,2,107.25,214.5
O01134,P0044,Books,1,983.76,983.76
O01135,P0073,Beauty,3,224.08,672.24
O01135,P0119,Sports,2,134.47,268.94
O01135,P0010,Books,1,161.78,161.78
O01136,P0070,Beauty,1,148.98,148.98
O01136,P0043,Sports,2,123.88,247.76
O01137,P0009,Fashion,3,231.56,694.68
O01138,P0004,Beauty,3,37.46,112.38
O01139,P0073,Electronics,1,289.77,289.77
O01140,P0124,Home,1,436.59,436.59
O01141,P0156,Fashion,1,71.45,71.45
O01141,P0007,Fashion,3,51.76,155.28
O01141,P0056,Fashion,3,159.32,477.96
O01142,P0010,Electronics,2,154.35,308.7
O01142,P0036,Home,3,90.53,271.59
O01143,P0017,Toys,1,111.6,111.6
O01143,P0164,Books,3,453.14,1359.42
O01143,P0033,Electronics,2,44.92,89.84
O01144,P0076,Fashion,1,266.49,266.49
O01144,P0093,Beauty,3,437.49,1312.47
O01145,P0128,Toys,3,247.61,742.83
O01145,P0075,Home,3,445.41,1336.23
O01145,P0085,Home,2,58.62,117.24
O01146,P0107,Sports,2,445.41,890.82
O01146,P0179,Books,1,229.04,229.04
O01146,P0100,Toys,2,56.29,112.58
O01147,P0068,Home,2,172.1,344.2
O01147,P0074,Books,1,138.64,138.64
O01147,P0029,Fashion,3,22.06,66.18
O01148,P0118,Beauty,3,549.51,1648.53
O01149,P0090,Home,1,167.04,167.04
O01149,P0053,Home,1,148.08,148.08
O01150,P0168,Electronics,3,68.14,204.42
O01150,P0141,Electronics,1,149.6,149.6
O01151,P0008,Toys,3,100.32,300.96
O01152,P0045,Sports,1,256.29,256.29
O01152,P0027,Sports,1,60.26,60.26
O01152,P0032,Beauty,2,56.68,113.36
O01153,P0022,Toys,3,461.03,1383.09
O01153,P0064,Beauty,2,248.77,497.54
O01154,P0102,Sports,3,28.96,86.88
O01154,P0164,Beauty,1,268.79,268.79
O01155,P0002,Books,1,144.38,144.38
O01155,P0168,Sports,3,102.95,308.85
O01156,P0075,Books,2,86.3,172.6
O01156,P0041,Electronics,1,234.45,234.45
O01157,P0090,Books,3,45.17,135.51
O01158,P0098,Toys,1,360.09,360.09
O01158,P0150,Toys,3,246.98,740.94
O01159,P0168,Toys,1,132.0,132.0
O01159,P0059,Fashion,3,150.9,452.7
O01160,P0074,Electronics,1,44.93,44.93
O01161,P0037,Books,2,120.21,240.42
O01162,P0008,Home,3,307.86,923.58
O01162,P0131,Books,1,98.32,98.32
O01163,P0083,Fashion,1,289.97,289.97
O01163,P0122,Electronics,3,494.32,1482.96
O01163,P0045,Toys,2,224.8,449.6
O01164,P0002,Beauty,1,178.2,178.2
O01165,P0111,Toys,3,90.82,272.46
O01165,P0141,Electronics,2,45.69,91.38
O01165,P0036,Home,2,127.44,254.88
O01166,P0004,Books,3,42.85,128.55
O01166,P0001,Books,3,204.76,614.28
O01166,P0149,Fashion,3,83.49,250.47
O01167,P0035,Sports,3,101.9,305.7
O01168,P0022,Electronics,1,351.21,351.21
O01169,P0100,Beauty,2,82.56,165.12
O01170,P0102,Home,3,152.8,458.4
O01171,P0142,Beauty,2,1072.86,2145.72
O01172,P0120,Home,2,292.46,584.92
O01173,P0119,Books,3,64.02,192.06
O01173,P0127,Electronics,2,39.77,79.54
O01173,P0142,Home,3,84.59,253.77
O01174,P0064,Toys,1,123.64,123.64
O01174,P0109,Sports,3,246.23,738.69
O01175,P0146,Books,2,487.63,975.26
O01175,P0072,Electronics,2,611.27,1222.54
O01175,P0067,Fashion,2,305.64,611.28
O01176,P0080,Home,3,321.02,963.06
O01177,P0067,Electronics,1,120.83,120.83
O01178,P0128,Fashion,1,39.71,39.71
O01178,P0126,Electronics,1,106.48,106.48
O01179,P0041,Toys,1,175.8,175.8
O01179,P0058,Fashion,2,229.46,458.92
O01180,P0008,Home,1,136.27,136.27
O01180,P0163,Home,1,94.19,94.19
O01180,P0142,Fashion,2,166.07,332.14
O01181,P0031,Toys,3,299.48,898.44
O01182,P0179,Books,1,248.44,248.44
O01183,P0166,Beauty,1,140.72,140.72
O01184,P0117,Fashion,1,150.51,150.51
O01185,P0130,Toys,3,147.3,441.9
O01185,P0063,Toys,1,39.85,39.85
O01186,P0057,Fashion,2,113.47,226.94
O01186,P0090,Electronics,1,174.02,174.02
O01186,P0020,Electronics,2,92.7,185.4
O01187,P0059,Electronics,2,161.15,322.3
O01187,P0127,Fashion,1,202.03,202.03
O01187,P0058,Books,1,122.56,122.56
O01188,P0081,Beauty,2,58.85,117.7
O01188,P0070,Sports,3,157.95,473.85
O01188,P0143,Toys,3,57.86,173.58
O01189,P0082,Home,2,113.13,226.26
O01190,P0017,Electronics,2,108.34,216.68
O01191,P0054,Home,3,55.66,166.98
O01192,P0078,Electronics,2,156.28,312.56
O01192,P0031,Books,2,125.94,251.88
O01193,P0032,Home,2,216.55,433.1
O01193,P0068,Fashion,3,372.97,1118.91
O01193,P0024,Home,2,72.51,145.02
O01194,P0145,Fashion,2,119.0,238.0
O01194,P0130,Beauty,3,210.25,630.75
O01194,P0120,Sports,2,46.63,93.26
O01195,P0114,Home,2,172.44,344.88
O01196,P0007,Toys,3,157.08,471.24
O01196,P0071,Beauty,3,161.12,483.36
O01196,P0139,Electronics,3,362.84,1088.52
O01197,P0117,Home,3,85.5,256.5
O01197,P0031,Toys,1,105.47,105.47
O01197,P0065,Electronics,1,42.31,42.31
O01198,P0059,Fashion,3,79.19,237.57
O01198,P0001,Fashion,3,174.9,524.7
O01199,P0052,Fashion,3,206.71,620.13
O01199,P0014,Fashion,1,99.41,99.41
O01200,P0023,Electronics,1,87.85,87.85
O01201,P0002,Home,1,95.82,95.82
O01202,P0069,Toys,1,585.82,585.82
O01202,P0088,Fashion,3,432.34,1297.02
O01202,P0100,Beauty,1,58.73,58.73
O01203,P0122,Books,2,191.09,382.18
O01204,P0002,Electronics,3,53.85,161.55
O01204,P0159,Home,3,62.56,187.68
O01205,P0138,Home,2,91.07,182.14
O01205,P0075,Sports,2,202.41,404.82
O01205,P0141,Toys,3,46.89,140.67
O01206,P0080,Electronics,1,537.44,537.44
O01207,P0015,Sports,2,76.86,153.72
O01208,P0025,Beauty,1,252.36,252.36
O01208,P0068,Fashion,2,363.37,726.74
O01209,P0171,Sports,3,50.58,151.74
O01209,P0158,Toys,3,205.48,616.44
O01210,P0172,Electronics,1,143.74,143.74
O01211,P0044,Beauty,3,53.59,160.77
O01211,P0016,Fashion,2,84.24,168.48
O01211,P0107,Books,3,180.97,542.91
O01212,P0154,Beauty,3,113.46,340.38
O01212,P0008,Sports,2,108.21,216.42
O01213,P0063,Electronics,3,259.0,777.0
O01214,P0170,Books,1,499.43,499.43
O01215,P0085,Sports,1,85.83,85.83
O01216,P0018,Fashion,2,122.39,244.78
O01217,P0145,Sports,1,139.62,139.62
O01217,P0042,Electronics,2,124.04,248.08
O01217,P0126,Home,2,306.74,613.48
O01218,P0037,Toys,2,131.93,263.86
O01218,P0136,Home,1,87.31,87.31
O01219,P0004,Fashion,2,146.27,292.54
O01219,P0101,Home,1,60.55,60.55
O01220,P0011,Home,1,148.45,148.45
O01220,P0047,Sports,3,258.89,776.67
O01220,P0127,Sports,3,246.36,739.08
O01221,P0133,Books,3,41.02,123.06
O01221,P0019,Electronics,1,95.68,95.68
O01221,P0137,Electronics,3,141.99,425.97
O01222,P0140,Books,3,130.58,391.74
O01222,P0013,Beauty,1,72.91,72.91
O01223,P0179,Electronics,2,121.55,243.1
O01223,P0043,Sports,1,155.39,155.39
O01224,P0141,Toys,2,45.47,90.94
O01224,P0145,Home,1,129.64,129.64
O01225,P0021,Toys,3,83.96,251.88
O01225,P0057,Electronics,3,169.49,508.47
O01226,P0159,Beauty,1,129.21,129.21
O01226,P0140,Toys,2,147.51,295.02
O01226,P0173,Home,1,355.67,355.67
O01227,P0054,Sports,3,48.71,146.13
O01228,P0053,Fashion,1,185.75,185.75
O01228,P0129,Books,3,639.96,1919.88
O01229,P0054,Electronics,3,71.14,213.42
O01230,P0028,Sports,1,158.47,158.47
O01230,P0009,Sports,2,436.05,872.1
O01231,P0152,Sports,1,115.65,115.65
O01231,P0108,Beauty,2,40.98,81.96
O01231,P0160,Beauty,1,213.59,213.59
O01232,P0023,Beauty,2,64.94,129.88
O01232,P0098,Sports,1,150.5,150.5
O01232,P0011,Fashion,3,61.97,185.91
O01233,P0105,Toys,1,188.77,188.77
O01233,P0072,Books,3,199.14,597.42
O01234,P0079,Books,2,87.42,174.84
O01234,P0023,Beauty,2,165.21,330.42
O01234,P0011,Home,3,163.26,489.78
O01235,P0097,Toys,2,67.65,135.3
O01235,P0152,Electronics,1,498.16,498.16
O01236,P0175,Beauty,2,163.14,326.28
O01236,P0137,Fashion,2,520.44,1040.88
O01237,P0063,Beauty,1,43.35,43.35
O01237,P0043,Electronics,3,141.31,423.93
O01237,P0034,Toys,1,60.69,60.69
O01238,P0125,Fashion,2,104.35,208.7
O01238,P0034,Books,2,156.83,313.66
O01238,P0120,Toys,3,1251.04,3753.12
O01239,P0081,Sports,1,72.36,72.36
O01240,P0177,Toys,3,182.4,547.2
O01240,P0151,Fashion,3,166.2,498.6
O01241,P0065,Electronics,2,226.6,453.2
O01241,P0068,Fashion,3,133.59,400.77
O01242,P0042,Fashion,2,89.97,179.94
O01243,P0057,Books,3,716.6,2149.8
O01243,P0127,Fashion,3,73.19,219.57
O01244,P0035,Sports,3,114.81,344.43
O01244,P0138,Beauty,3,47.13,141.39
O01244,P0078,Home,2,98.09,196.18
O01245,P0043,Sports,2,390.09,780.18
O01245,P0010,Beauty,1,258.85,258.85
O01246,P0133,Fashion,3,201.47,604.41
O01247,P0102,Home,1,161.38,161.38
O01247,P0110,Sports,2,286.13,572.26
O01248,P0137,Home,2,108.92,217.84
O01249,P0108,Books,3,129.35,388.05
O01250,P0123,Sports,2,203.4,406.8
O01251,P0102,Books,2,252.7,505.4
O01251,P0036,Home,2,306.11,612.22
O01251,P0162,Books,2,180.94,361.88
O01252,P0028,Books,3,78.82,236.46
O01252,P0003,Beauty,2,43.86,87.72
O01252,P0116,Fashion,3,75.64,226.92
O01253,P0005,Beauty,3,152.55,457.65
O01254,P0056,Books,1,142.35,142.35
O01255,P0015,Toys,3,316.41,949.23
O01255,P0174,Beauty,1,106.89,106.89
O01255,P0076,Books,1,53.62,53.62
O01256,P0087,Fashion,2,313.89,627.78
O01257,P0077,Toys,2,105.51,211.02
O01258,P0113,Books,3,140.46,421.38
O01258,P0136,Electronics,1,979.48,979.48
O01259,P0043,Toys,3,36.19,108.57
O01259,P0076,Home,3,214.74,644.22
O01260,P0178,Electronics,1,142.84,142.84
O01261,P0007,Books,3,306.67,920.01
O01261,P0041,Home,3,510.68,1532.04
O01262,P0124,Toys,1,468.08,468.08
O01262,P0036,Home,1,132.38,132.38
O01262,P0152,Fashion,2,132.1,264.2
O01263,P0137,Books,1,105.97,105.97
O01263,P0119,Home,3,41.02,123.06
O01264,P0045,Fashion,3,590.85,1772.55
O01265,P0036,Electronics,3,143.24,429.72
O01265,P0142,Beauty,2,151.23,302.46
O01265,P0138,Books,1,47.23,47.23
O01266,P0012,Fashion,3,156.89,470.67
O01266,P0134,Beauty,2,178.89,357.78
O01266,P0175,Beauty,1,170.16,170.16
O01267,P0116,Sports,3,250.58,751.74
O01268,P0024,Beauty,1,136.58,136.58
O01269,P0114,Toys,1,28.7,28.7
O01270,P0171,Books,1,56.82,56.82
O01271,P0156,Electronics,3,115.59,346.77
O01271,P0144,Books,2,221.88,443.76
O01272,P0127,Home,3,601.58,1804.74
O01272,P0111,Sports,3,87.82,263.46
O01273,P0105,Toys,2,142.72,285.44
O01273,P0096,Sports,1,122.94,122.94
O01273,P0141,Beauty,2,202.19,404.38
O01274,P0165,Fashion,2,104.74,209.48
O01275,P0117,Beauty,2,327.56,655.12
O01276,P0163,Books,1,517.21,517.21
O01276,P0131,Fashion,3,125.6,376.8
O01277,P0130,Toys,3,80.94,242.82
O01278,P0125,Fashion,2,367.98,735.96
O01278,P0012,Sports,3,364.5,1093.5
O01278,P0045,Beauty,2,112.93,225.86
O01279,P0039,Sports,2,298.2,596.4
O01279,P0172,Fashion,2,167.78,335.56
O01279,P0146,Beauty,3,67.06,201.18
O01280,P0147,Sports,3,235.93,707.79
O01280,P0071,Beauty,1,57.44,57.44
O01280,P0122,Toys,2,258.86,517.72
O01281,P0017,Home,1,55.24,55.24
O01282,P0037,Electronics,3,93.89,281.67
O01283,P0026,Sports,1,73.45,73.45
O01283,P0093,Beauty,3,356.59,1069.77
O01284,P0113,Beauty,3,196.61,589.83
O01284,P0130,Sports,2,265.63,531.26
O01284,P0168,Fashion,1,317.01,317.01
O01285,P0076,Electronics,2,115.52,231.04
O01285,P0100,Books,2,265.55,531.1
O01286,P0010,Beauty,3,266.76,800.28
O01286,P0140,Toys,1,99.38,99.38
O01287,P0085,Beauty,3,140.08,420.24
O01287,P0026,Books,2,106.04,212.08
O01288,P0172,Books,3,130.78,392.34
O01289,P0084,Books,1,105.56,105.56
O01289,P0144,Home,2,164.08,328.16
O01290,P0085,Home,1,44.48,44.48
O01290,P0040,Sports,1,126.87,126.87
O01291,P0120,Home,3,304.73,914.19
O01291,P0168,Sports,3,39.4,118.2
O01292,P0037,Sports,2,164.35,328.7
O01292,P0021,Home,1,153.0,153.0
O01292,P0068,Beauty,1,452.55,452.55
O01293,P0172,Home,2,87.75,175.5
O01294,P0079,Books,3,686.0,2058.0
O01294,P0177,Fashion,3,74.93,224.79
O01294,P0043,Sports,3,57.38,172.14
O01295,P0109,Books,2,582.97,1165.94
O01296,P0178,Beauty,3,92.58,277.74
O01297,P0013,Books,2,166.24,332.48
O01297,P0151,Fashion,3,129.26,387.78
O01298,P0104,Sports,1,216.14,216.14
O01298,P0175,Fashion,2,204.72,409.44
O01298,P0162,Fashion,2,258.83,517.66
O01299,P0002,Beauty,3,122.85,368.55
O01299,P0080,Beauty,1,111.63,111.63
O01300,P0061,Toys,2,163.98,327.96
O01300,P0025,Sports,1,102.01,102.01
O01300,P0086,Books,1,247.3,247.3
